category,brand,days_on_market,competitor_avg_price,stock_quantity,rating,num_reviews,discount_percent,is_featured,season_index,price
Sports,BrandD,160,146.5188643126499,116,3.8,491,9.329504843658377,0,1.1713044235642798,668.94
Books,BrandD,11,1674.9682893723743,313,2.8,60,9.41160998845228,0,0.6621833724078774,2203.89
Home,BrandD,138,1695.652994592862,49,1.9,1077,9.212432578633711,1,0.9864423871418745,2048.25
Books,BrandD,78,605.5706419853736,173,3.5,2895,2.850119377596699,0,1.2385390394759077,1251.54
Books,BrandE,77,952.5613122809087,82,2.0,4160,29.38992246858424,1,1.366855213027066,1619.85
Fashion,BrandE,254,905.1500526479992,322,3.3,3683,42.0174088794254,1,1.1262592746624267,1235.11
Home,BrandB,258,476.09417699055405,333,2.4,585,0.87491069936943,1,1.169053515316948,777.59
Home,BrandA,320,823.7538518183171,45,4.3,3960,2.4502322485636774,0,0.626283472584569,1096.68
Home,BrandD,291,136.55615573316615,335,4.3,3770,28.63851383434729,1,1.4457764972463472,617.72
Books,BrandB,263,591.7530419243822,20,2.9,534,40.97478426930262,0,0.6325740774844824,972.63
Sports,BrandA,85,1642.5302421289002,448,2.4,3462,16.33694452843168,0,1.2746729371817982,1914.4
Home,BrandC,146,604.8964884376502,221,2.5,4011,17.48071994038611,0,0.7648163217783188,967.66
Books,BrandE,323,1645.5030040590827,123,4.2,3398,29.817324874838796,0,1.4335931437012515,2242.11
Fashion,BrandA,42,1086.61895597864,234,2.3,2155,13.71064445620735,1,1.2199595393694795,1250.23
Sports,BrandC,125,1765.7322208542619,221,1.8,1004,1.3304183038842066,1,1.2538137129783689,2173.2
Fashion,BrandA,167,1170.8201308156097,323,1.3,2499,36.761425905079804,1,0.7190591730598833,1228.18
Sports,BrandE,241,107.85303497624264,339,2.9,326,31.282495647072654,1,0.9430399766351608,681.4
Books,BrandE,280,1367.069404716824,3,2.9,4703,29.037799952782954,0,1.1178131945892864,1953.96
Electronics,BrandB,188,137.46445764595887,182,4.4,2706,37.08420644959116,0,1.2699736182066008,229.77
Sports,BrandD,302,928.6641870171112,206,1.9,1,33.76154187810187,0,0.6039593759123896,1300.83
Fashion,BrandA,19,1862.3820542225724,320,2.5,1033,10.294099408916058,0,1.4623653164545285,1934.69
Books,BrandA,68,372.1476817088078,40,4.2,2481,17.624052347167556,1,1.3902206705545561,942.03
Sports,BrandC,218,810.251088236011,59,4.3,124,6.30550708393125,0,0.7703485904955844,1272.73
Electronics,BrandE,102,1473.227602254533,439,2.5,1104,6.492850670894051,1,1.322760243032332,1717.77
Electronics,BrandA,42,1770.4041843849527,62,2.8,2699,33.80978731782696,0,1.0183239230398233,1711.03
Home,BrandE,288,1358.3388592478905,132,2.2,1861,42.93000534912491,0,0.9618064815620186,1614.86
Home,BrandA,167,553.43784567278,60,4.7,2920,48.136629193056955,0,0.8144341058114054,730.79
Fashion,BrandB,109,1365.4853131866216,372,1.5,128,31.417355877472218,0,1.0809685866315926,1410.4
Sports,BrandD,36,628.6189001529755,331,4.7,437,9.205066168047848,1,1.2298891177035978,1213.15
Sports,BrandA,232,1450.9369981465338,122,3.7,4846,5.282517272446535,1,0.9109329049627582,1837.89
Home,BrandE,229,1910.3645987908292,479,3.1,2548,40.64254857683789,1,1.129219193008292,2255.11
Sports,BrandB,353,1456.7172296572621,107,1.1,3129,28.937823817999963,1,1.1993129211553037,1774.35
Sports,BrandA,164,1732.616980679204,96,2.9,1221,30.91425105068599,0,1.211121817015286,1984.41
Electronics,BrandC,73,54.10249419297266,347,2.6,901,39.07310443773546,0,0.5519660981311802,154.08
Home,BrandD,136,1449.265643226609,414,1.6,3168,35.16386138662258,1,1.359747805685067,1759.35
Books,BrandA,353,1667.695735887238,235,3.6,4486,41.72291264280483,1,0.9582533147650479,2058.61
Home,BrandB,70,129.0895382121288,386,4.9,3918,2.810695272993924,0,0.7624160816962144,492.4
Books,BrandC,196,1749.6155682120498,62,3.2,1067,37.37603183732524,0,0.7417645074796816,2182.74
Electronics,BrandB,269,550.5537452045894,256,3.9,26,42.54263786610477,1,0.9830141128439505,634.47
Fashion,BrandB,49,1347.3195988572077,49,1.3,547,14.306752122915716,1,1.3868315394689592,1501.55
Sports,BrandC,316,1610.692014095643,393,2.7,2668,32.02236369966264,1,0.8783475816826469,1976.22
Electronics,BrandB,130,1342.195800465743,348,1.5,566,15.708103191848604,0,1.2497257467835432,1344.6
Sports,BrandC,5,229.9553445428516,159,3.5,703,47.8985533241227,1,0.5968187309872186,622.04
Fashion,BrandA,27,1212.8269617777182,124,4.8,4280,1.6711786217751878,1,0.9760567021510618,1470.94
Fashion,BrandC,160,1121.68813060818,482,3.6,3140,28.989642191647754,1,1.4916861403927357,1384.32
Electronics,BrandC,149,1805.6264727448295,317,1.3,1590,8.325177352475755,1,1.2704378027923369,1933.21
Fashion,BrandD,264,838.2674728062079,207,2.4,4943,35.61101025885793,1,0.710528488440613,1095.51
Books,BrandC,230,676.1081393197477,48,3.2,4694,8.794514170933104,0,1.0014414736979107,1230.31
Fashion,BrandC,200,1512.2089906511092,409,2.6,805,11.769163094917879,1,0.7336247636485665,1694.99
Sports,BrandA,50,854.7168858626235,420,4.3,3791,24.718540552287905,0,0.9095609272625093,1188.65
Sports,BrandD,67,1309.887541259873,136,4.3,1357,45.7417474998439,1,1.2800840237349647,1760.54
Sports,BrandE,300,1310.5776757429835,201,3.4,3225,10.585718607398542,1,1.2712248152904038,1902.18
Sports,BrandA,58,1781.6761755022296,250,2.5,3618,7.212001055905176,1,0.7281003779023851,2116.43
Books,BrandA,259,1217.4501845222399,314,2.0,2126,37.948841592701534,0,1.42222331815486,1561.19
Home,BrandE,342,1029.1995394258743,357,1.4,2460,25.03097661669655,0,1.0925681827648268,1371.24
Electronics,BrandC,326,320.79908647320815,368,2.4,545,45.58925561908857,0,0.8799242909620145,335.44
Sports,BrandB,130,275.6883330234755,429,2.7,2728,7.330727857992114,1,1.0019355807808608,742.21
Fashion,BrandD,215,350.9270523020048,318,3.7,3734,32.296394651151964,1,1.1050712534377438,703.76
Sports,BrandB,172,385.1045385878343,295,3.6,2562,11.643957307590751,0,1.0598905318457854,780.62
Fashion,BrandE,258,1293.860330694086,480,1.3,2079,7.838021432581965,0,0.9864050355361782,1580.26
Fashion,BrandA,102,1494.913438035428,314,2.6,2641,34.171470757863524,1,1.0049328040894001,1583.19
Sports,BrandA,209,1083.4834697065164,209,1.7,3114,29.68423099543666,0,0.6764119104278862,1324.81
Books,BrandD,291,1666.5845784637077,355,1.6,1926,37.74137291811656,1,1.3127329043046794,2179.93
Fashion,BrandA,354,1982.9632921305847,485,4.3,616,15.473128822309118,0,1.0417603199410155,2027.61
Fashion,BrandA,286,1649.0246267827442,211,1.2,3644,22.398582819109496,0,0.6310798617047031,1673.3
Sports,BrandD,116,1405.0206286681205,192,2.7,1203,20.273583816520922,0,1.266157101582778,1830.34
Fashion,BrandD,264,1088.3607639024358,44,1.7,1759,49.20447319832571,1,1.4324439783773508,1306.28
Fashion,BrandE,150,925.263489765681,29,4.5,2565,14.612447836969395,1,1.447306899236962,1296.23
Sports,BrandA,300,214.56514206185759,59,3.2,3174,14.740861917338343,0,0.8690177324111727,529.57
Sports,BrandA,36,828.7690593696474,71,1.9,3081,17.72741044143037,1,0.635516873560754,1198.47
Electronics,BrandE,333,1824.7625417251618,92,3.0,2630,28.229704064516074,1,1.018399626633065,2031.36
Books,BrandC,287,1625.6441283177783,265,3.9,3161,12.616137213187262,1,0.6126092293492207,2150.21
Books,BrandC,303,471.30016177279003,383,4.8,4321,45.764497018963695,1,1.4339874185126171,1053.26
Fashion,BrandC,311,959.885180159571,220,1.9,669,13.284278243313175,0,0.683579627355146,1125.31
Books,BrandE,208,1642.6102449891619,390,4.5,3168,44.79078657800974,1,0.7527658599511641,2258.23
Fashion,BrandA,106,181.3998818317689,413,4.7,2121,5.173753182329232,1,0.9066365268849704,403.24
Electronics,BrandE,158,805.4155420538857,442,4.7,4078,32.82813511998262,0,0.8831644685591258,1027.24
Sports,BrandE,121,1711.090411904198,401,3.5,4151,45.34927592191219,1,1.2946628923978891,2216.44
Sports,BrandC,55,837.6008351317413,400,3.5,719,8.437471919911477,1,0.9563168205509623,1343.29
Sports,BrandB,12,201.34855722630968,215,2.6,2600,48.41634800496275,1,0.6707682600033369,641.34
Books,BrandA,145,1107.9420186378904,479,4.0,3598,22.644168020775584,0,0.7672098954860741,1527.19
Electronics,BrandC,136,1730.3978650906759,387,3.1,4669,47.285755422051224,0,1.009113385187522,1746.53
Books,BrandB,3,1201.0568087586614,277,3.7,666,33.84100218150235,1,0.6474539174261349,1681.15
Books,BrandB,144,491.244261017752,64,2.7,283,15.079343493677577,1,1.111655675646014,1038.72
Electronics,BrandD,30,799.2672592678936,346,3.9,3903,9.41512624585532,0,1.0657473065511458,1038.64
Electronics,BrandA,237,927.7405543047678,292,4.3,3565,15.18675231125497,0,1.2147023163822577,967.24
Electronics,BrandB,279,1179.5693899500272,490,1.6,2234,4.650870463133749,0,1.4377046153793676,1250.02
Electronics,BrandC,348,1530.7345002175955,485,4.3,4593,7.193398317166489,1,1.4122545611011557,1742.58
Sports,BrandD,115,242.80355439923903,245,3.2,1465,5.233022017324057,1,1.4460756180688312,810.21
Home,BrandA,104,1784.8214643842543,470,4.4,129,21.147177187077887,0,0.7447155970237009,1962.15
Home,BrandE,118,74.0039208813474,62,2.7,4734,39.77891881287932,1,0.6315653066393546,569.18
Electronics,BrandC,5,771.6020526147977,426,2.5,2060,7.0691777108170095,1,0.8022767004964485,986.69
Home,BrandB,360,103.46960444668242,332,4.7,3672,6.516021658616794,1,1.3950851727663145,520.51
Home,BrandB,248,816.299739423318,170,2.0,2494,32.171447475866536,1,1.4720534746234883,1088.28
Electronics,BrandC,364,1075.3345678029814,445,4.4,992,9.859149098403314,1,1.3593249510704761,1278.69
Home,BrandB,321,1047.778703833948,269,2.9,2121,4.88050190544958,1,0.6100177211275436,1326.84
Books,BrandD,121,372.97527670511744,267,3.1,2584,8.342428910278882,1,1.4474279980597933,1065.58
Fashion,BrandA,286,1309.193994686444,54,2.2,4196,46.18656979383881,0,0.923358027350786,1309.02
Fashion,BrandD,149,137.31797848410304,16,3.3,2223,41.07356263880954,0,0.5093102907623537,408.22
Electronics,BrandB,84,1535.71829925821,8,2.3,4522,17.703228117754705,0,0.9423937407481936,1579.46
Sports,BrandE,231,1895.9566462874152,104,1.2,3188,32.79103836636964,0,0.5460691696754676,2310.11
Electronics,BrandA,288,712.5492129446799,59,2.1,3237,26.863783683401905,0,1.0438779211611176,709.91
Sports,BrandA,161,1058.6167943429473,313,1.0,4136,33.8562131741282,0,0.8385540274370513,1283.93
Fashion,BrandC,272,788.875042214688,40,4.9,4524,34.13355762313797,0,0.9734349335940488,1054.9
Electronics,BrandC,38,63.08526109291691,237,4.9,343,31.43670075299965,0,1.113170360743117,259.11
Books,BrandE,226,802.455280645476,443,2.6,4461,13.305068426865429,0,1.3688010958178203,1468.44
Home,BrandA,142,1593.8545055596257,386,3.9,4704,1.9503210381409064,1,1.1619015764719287,1890.73
Sports,BrandE,292,1212.1782422577894,94,2.4,4823,22.77833909950544,1,0.9340488684781807,1744.94
Home,BrandC,151,247.4568334995599,222,3.7,2276,44.54869423453519,0,1.3194278536703652,570.14
Home,BrandC,114,1701.9220049028809,204,4.2,4920,28.474862925928797,1,1.4055821375731323,2059.77
Electronics,BrandA,237,1085.6164225262235,138,4.8,3201,41.61955208509539,1,0.6197599664321972,1154.85
Home,BrandD,66,1691.3605554021185,300,2.6,888,49.581217148061405,0,1.0319329775527915,1945.75
Books,BrandB,361,1181.4319616308073,395,4.1,2043,8.180810206913813,0,0.7845119597424441,1591.8
Home,BrandC,341,1141.3924674339828,207,2.1,1341,34.58888195709912,0,0.5470611978769474,1359.65
Electronics,BrandC,258,255.25541113417415,336,5.0,3720,33.71467868500123,1,1.1685466951139853,464.56
Books,BrandD,249,376.3514796203245,81,1.1,2883,48.997772367913925,1,1.3627707774592257,924.85
Fashion,BrandD,331,1945.4492501683526,218,3.4,4212,49.280036697640014,0,0.662902654477394,2089.15
Home,BrandE,323,495.54915617180296,2,3.6,2415,34.33393058620647,1,1.3124136576239005,971.47
Electronics,BrandE,180,1956.0316300812174,178,3.8,1117,12.180739599109714,1,1.3533957335369418,2216.03
Fashion,BrandB,190,1087.2297777223137,396,1.5,4263,39.927791906529954,1,1.4143404426664836,1254.73
Fashion,BrandB,154,314.7886417746774,371,4.8,3001,5.351456710551905,0,0.7652850890860524,565.13
Sports,BrandA,196,243.63929536970124,346,1.7,1738,39.03496520858143,1,1.4039530651898893,576.46
Books,BrandE,311,457.28493787619294,279,3.5,1364,45.509806207234824,1,0.8206627547364322,1070.95
Home,BrandC,262,1854.9927935494047,146,1.9,2708,19.14166973842176,1,1.0523380134555027,2128.36
Electronics,BrandE,143,857.5929374400422,318,2.2,4790,31.53176474915402,1,0.5505074708322821,1107.34
Sports,BrandC,342,821.0968225861831,224,3.2,924,21.507136604841314,1,0.5438810883687436,1251.58
Books,BrandD,316,660.7522090868393,369,2.7,151,21.888252749406423,1,1.220373212732203,1275.27
Sports,BrandE,101,336.7706086048473,384,1.6,585,15.518544455406003,1,0.944479977977791,920.09
Books,BrandD,244,1001.3098345251925,62,1.7,912,38.10648102251623,0,0.7562923753692176,1452.73
Books,BrandB,12,303.5931758967205,294,2.7,2321,46.80882820832526,0,0.6904134960249102,757.92
Home,BrandB,239,1679.1864609455388,239,4.0,495,47.037542961723055,1,1.1699534908592182,1878.28
Books,BrandA,49,772.2741232368477,195,4.6,3795,8.739064243746691,0,0.5004015440253399,1270.16
Sports,BrandE,42,780.8669571745029,166,1.3,2148,43.7371824828283,1,1.3058911691968542,1276.47
Books,BrandD,166,974.312535542154,451,2.6,556,36.871572071356105,1,0.5792496061299288,1489.73
Home,BrandC,82,916.0490406732157,222,1.4,1552,12.641870034514463,1,0.6914896149081194,1256.63
Home,BrandB,291,1989.973047465677,61,1.1,2120,3.3642306460757276,0,0.8862363952990896,2120.94
Sports,BrandB,158,1113.49318637569,129,3.6,3085,13.399863344218899,1,0.9848587397161036,1512.6
Fashion,BrandC,216,221.99332239024784,478,3.4,3504,45.61041183907628,1,0.8549951158139418,473.21
Fashion,BrandD,158,1233.4108160750134,173,1.7,156,31.658933744788616,0,0.8207121649842939,1404.45
Books,BrandD,134,345.5893710962659,480,1.9,734,36.05273304489359,0,1.4639160120731884,874.68
Electronics,BrandE,67,110.32840722611684,156,1.1,4654,12.857617555454793,1,1.1415796812433943,393.6
Books,BrandE,336,1942.9471996706338,405,4.3,3276,35.969407778741015,0,0.5234329553673882,2458.37
Sports,BrandA,7,1558.4008384923995,378,4.9,154,1.406075313896188,0,0.9301759084443132,1912.24
Sports,BrandB,14,1961.2125352068456,110,1.5,996,18.76606728865069,1,1.37500869974397,2317.07
Sports,BrandE,73,981.8629736433728,269,1.9,2294,31.33766742711656,1,0.801456186410668,1497.45
Sports,BrandD,163,1087.9021857405035,411,4.5,4626,7.304828277066012,1,0.5945563447743882,1679.83
Sports,BrandC,66,378.25706404230397,356,4.7,2905,41.15017872234674,0,1.2583847715899177,839.19
Home,BrandD,347,531.4694820017919,391,2.7,4824,11.751564940595932,0,1.1060138319360813,917.16
Fashion,BrandB,130,1685.170969060515,278,1.2,1177,32.61405564092231,0,1.070312507826504,1734.95
Sports,BrandD,206,744.5620118793086,74,1.2,153,20.259857128766484,1,0.5535765596074079,1160.29
Electronics,BrandA,276,1662.289198903017,487,3.3,4187,29.802179773882358,0,0.6404990097955173,1616.89
Electronics,BrandB,256,1432.5767623597121,437,2.6,1716,5.372527631445406,0,1.1225493962131137,1499.68
Electronics,BrandC,266,395.48330428013776,463,1.1,3202,0.8456399960803662,1,0.7078238414588358,586.38
Electronics,BrandA,25,1039.5204139334971,207,3.3,2857,45.47822136901506,1,1.0040700797484243,1096.82
Home,BrandB,281,1370.9052769614977,388,1.0,786,13.48150043835914,1,1.0448816860293935,1600.45
Electronics,BrandC,253,508.322568867459,480,4.1,4368,40.983850139022955,0,0.7835071902709394,651.75
Sports,BrandA,310,1669.84259551415,279,2.2,4272,49.96751502361001,1,1.4484251555414929,1931.72
Books,BrandA,289,1112.4139322131143,375,1.2,3767,10.571562899945558,0,1.3424641068355752,1538.13
Electronics,BrandB,164,372.22199836307624,326,3.4,2878,13.25853705916778,0,1.2223735076327986,493.71
Home,BrandE,95,1186.8196310209748,472,2.6,642,33.14298938173329,1,0.5779938664094091,1591.6
Home,BrandA,270,1999.4419181040323,340,4.9,4662,48.27243173003106,1,0.6061300193090194,2218.23
Electronics,BrandA,321,343.5169087436564,357,3.2,665,45.790717409537194,1,0.9927813458649557,349.22
Books,BrandC,110,1642.6760137330798,340,2.1,3426,25.143776003279246,1,0.6607133491909857,2149.7
Electronics,BrandD,336,454.252556215738,204,3.8,3783,39.75551412633623,1,1.478265463529474,702.38
Home,BrandB,310,1575.6572424471701,161,2.1,3701,6.787292654995053,0,0.6585202340274094,1798.41
Fashion,BrandB,238,1482.4269500867558,28,4.6,1069,48.87190921020061,0,0.987467835463974,1542.66
Sports,BrandE,25,635.9543019208431,392,2.5,2349,48.21766170179932,0,0.8641210568415054,1147.5
Home,BrandE,141,685.3550792506771,257,3.2,4503,8.186447893958547,1,1.1393864214540979,1204.43
Electronics,BrandB,117,1595.4167143276923,165,1.2,1212,14.97115624015533,0,0.6290364088894249,1582.17
Sports,BrandE,25,949.8187481802596,63,2.7,1152,5.007749875338346,1,0.9303164280423909,1556.36
Electronics,BrandC,79,1475.095155988027,22,4.3,2511,13.585879944908985,1,0.7747050328071436,1638.45
Electronics,BrandB,68,338.5690873633778,70,4.2,143,40.79778947076033,0,1.387751524671688,390.15
Fashion,BrandE,173,1712.4876747080293,381,1.9,2489,18.915780358262975,0,0.5405857121346951,1955.91
Sports,BrandB,12,1436.2251975305223,405,1.9,3228,4.419848357337919,1,1.4137274940064593,1831.2
Sports,BrandD,288,1818.538477227926,96,4.3,4582,17.111276238945226,0,1.3329941385530004,2280.64
Fashion,BrandA,128,308.1261391181963,163,4.7,4955,49.069166712064,1,0.7975707164408155,504.16
Home,BrandB,96,1206.3782757031654,79,1.4,3205,31.484179762960146,0,1.2892906546771048,1416.82
Electronics,BrandA,92,1218.285140828634,5,2.8,4243,20.80804732030789,0,0.5312135603387476,1190.05
Books,BrandE,141,739.2484440662258,316,2.3,3142,8.3269256748635,0,1.4668655502933936,1424.84
Electronics,BrandA,31,944.0095279100527,120,4.5,3304,49.30883986418474,0,1.0265949425897893,951.0
Electronics,BrandB,334,124.06404841521427,302,1.3,1357,41.042450463156435,0,0.8032810260654453,144.67
Home,BrandD,20,1504.4270753226733,178,1.8,2713,14.07386512254597,1,0.8625832125946771,1882.86
Electronics,BrandE,146,1121.1788348361893,176,4.0,4185,3.503434786059473,0,0.5664053534604974,1364.75
Fashion,BrandB,316,162.59505114488888,390,1.2,1357,2.8312778688779017,0,1.4893495140420392,354.84
Fashion,BrandE,160,1377.473991272947,217,3.0,4294,6.018907475276691,0,0.5392919451506925,1695.37
Sports,BrandC,349,960.2250506008164,56,2.8,4633,29.03842918072108,1,1.1549071231478591,1382.66
Books,BrandA,43,117.19945587875,366,2.3,3192,46.43817106027462,1,0.9427359277064583,599.76
Electronics,BrandC,254,1940.735067353786,187,2.6,300,24.837171400299223,1,1.4489162181887152,2004.65
Electronics,BrandB,130,1900.7686790244088,232,3.1,723,42.14727412280986,1,0.7459997403067952,1863.24
Home,BrandD,60,1050.159711487035,255,1.6,3010,22.294330992990393,1,1.0320868239380112,1466.69
Fashion,BrandE,151,232.66122037652488,413,3.3,67,35.42917728839126,0,0.982356208582753,521.12
Books,BrandA,287,1521.511382117254,455,4.2,3836,36.59363686432504,0,1.2028664440501013,1889.84
Sports,BrandE,5,1009.2656452061716,104,4.0,3993,8.698185295166933,0,0.5680102319524205,1542.57
Fashion,BrandB,266,639.7725826642908,77,1.6,2506,18.060802948790588,1,0.6937891300233548,857.75
Sports,BrandE,345,1008.2654461806857,230,1.6,1537,31.865107826901195,1,0.7145648200928498,1452.64
Home,BrandA,130,1068.7660835406557,402,2.1,397,3.5348304092183094,0,1.2381507548416897,1279.54
Home,BrandB,267,1147.2878130935615,258,2.4,4715,18.07700938814783,1,0.6891386963267401,1461.15
Electronics,BrandE,178,910.3862416278868,264,2.6,3357,26.739973314059622,1,1.0734917638909767,1169.8
Books,BrandD,253,1231.2228411211606,331,3.7,1163,49.811224652231935,1,0.7152438205009537,1750.63
Sports,BrandB,56,1841.5326856824358,481,1.2,4825,23.726678131122036,0,1.3616249500839785,2125.47
Fashion,BrandB,83,756.4227698422527,182,1.1,555,40.80283785571618,0,1.4421854544896386,833.32
Home,BrandD,99,1465.1471032789007,381,2.6,3661,21.603364253330888,1,1.0184929749422404,1861.7
Electronics,BrandC,149,1794.1824858072528,256,3.8,1751,39.81953613098545,1,0.8523088842091783,1863.27
Electronics,BrandA,329,939.159587731877,38,1.8,2941,29.77074008100542,1,0.7340577750174991,941.26
Sports,BrandC,156,914.7388809447131,176,3.6,2657,44.32977207511992,1,0.5497810015230438,1343.44
Home,BrandE,190,1224.12812144182,27,2.0,2795,20.547127617505495,0,0.7685000761974954,1613.08
Books,BrandD,263,1203.2431808738518,276,4.5,2329,30.21522099107394,1,1.154235779945318,1779.74
Home,BrandC,80,1622.84921753624,140,4.6,1959,31.50093403094137,0,1.033616931309211,1957.24
Sports,BrandB,252,979.1425983676708,299,2.2,1601,20.869147090023667,0,1.4440412782809275,1331.93
Sports,BrandE,97,1992.4397517969103,445,1.9,2793,7.215602184374076,0,0.8962772624917006,2461.47
Home,BrandE,260,165.96955929119753,287,2.6,1480,4.677970345616778,1,1.1938633423283944,696.72
Sports,BrandC,260,56.17730473236839,91,2.0,1102,0.833577529981655,0,0.9893227474751214,553.71
Home,BrandC,103,1298.3867075412663,480,3.7,3276,43.67671321226073,0,1.0125762159242115,1544.18
Fashion,BrandD,40,631.9480791056595,61,4.3,1299,11.823745611934728,1,0.7677743146041175,990.22
Home,BrandA,273,518.7456579639934,458,3.7,4994,10.575337464088403,1,0.9549507768419997,799.38
Home,BrandC,101,658.2032060083469,451,4.3,3879,36.80177002130328,1,0.9707849970127073,1049.36
Sports,BrandC,359,549.2927519546608,365,2.6,1535,16.000805654369586,0,1.2066425217489338,964.78
Sports,BrandB,308,110.04059683787331,347,1.6,77,25.30223462059183,1,1.4406399991861139,498.34
Electronics,BrandE,221,1944.489432661648,163,4.0,2831,8.125553264872815,0,0.8293212774825043,2129.01
Electronics,BrandA,308,480.4537024829244,351,2.4,3410,47.98728607309846,0,0.5422004685812984,387.03
Fashion,BrandB,124,1481.3580370491472,143,3.7,2721,42.57907000086187,1,0.9962951255006397,1648.3
Electronics,BrandD,231,1537.0629696536419,400,2.1,3627,43.18948114825017,0,1.0444613321491687,1639.44
Home,BrandD,178,1862.0519261140971,253,1.3,1532,20.33868742860026,0,0.6684405511319153,2110.02
Sports,BrandC,63,109.57144133209096,269,5.0,237,38.11806068535864,0,1.2604646062760667,570.54
Electronics,BrandC,116,1750.494259971665,369,1.6,1996,7.193807769489008,0,1.4849291084414915,1802.13
Electronics,BrandD,191,1078.0910526376103,291,5.0,3427,0.4309501295890139,1,1.445774717008461,1391.01
Fashion,BrandC,62,1283.4610144333644,459,4.9,277,0.9986466289014062,0,0.6971060388236522,1524.91
Fashion,BrandA,256,1306.7170403860157,187,4.2,3089,29.330086870228023,1,1.3753632399007607,1448.02
Home,BrandC,7,1648.6057197202188,405,3.6,523,22.76974526239704,0,1.2044936364116847,1918.09
Sports,BrandE,155,700.1442782102655,499,3.3,4275,25.900767445425988,0,0.9538465638069116,1227.33
Fashion,BrandC,92,1479.4498202269872,438,4.5,4218,0.37315702086097025,1,1.040610994324729,1816.58
Electronics,BrandB,14,1080.7273139582844,459,2.2,3122,21.134330982871287,0,1.349600174982458,1122.49
Sports,BrandA,229,1597.1183278954281,414,2.9,4575,35.90340806004304,0,0.9801349396383732,1847.77
Sports,BrandB,86,1981.5647639017602,304,3.5,1797,22.134685098371794,0,0.8732073691051269,2292.95
Electronics,BrandB,133,441.2694839373344,291,2.6,2131,36.610960315611116,0,0.9932474930259858,463.81
Fashion,BrandE,183,1989.5648510419958,86,2.7,815,11.65094821984174,0,1.0791298040350492,2278.94
Electronics,BrandA,62,225.13370085140932,166,2.3,2694,40.65710022408627,0,0.6890776537783488,202.91
Sports,BrandA,219,54.51921841438704,415,3.3,442,29.421562022672614,1,1.4009077302669906,420.11
Books,BrandA,246,136.11577554677098,462,4.4,3140,10.538154971495311,1,1.1741869488296137,668.69
Books,BrandA,230,716.4756892366853,408,1.8,142,11.836023792691647,1,1.1332689173374888,1191.37
Home,BrandA,79,1284.1673448229467,114,4.7,4287,31.40152322847685,0,0.5994962261806381,1515.17
Electronics,BrandE,149,184.60760473130676,433,3.8,1410,41.496979660622166,0,1.104173938172592,381.98
Electronics,BrandC,138,61.04833833265618,480,4.3,4473,20.78138910145776,0,0.6209606622384923,274.12
Home,BrandB,314,1877.3275054946498,356,3.2,534,12.91502145637961,1,0.578697675195399,2116.95
Home,BrandA,65,1652.756940082863,416,4.1,1716,43.35058034553002,0,1.0273108956423933,1812.04
Home,BrandC,13,1627.9071837211106,183,1.1,3364,33.46341458754175,1,0.902785534046495,1904.12
Sports,BrandC,213,1774.6273372288554,207,4.3,1032,22.404274364153824,0,1.0888102701562232,2133.78
Electronics,BrandB,242,1415.0668319056035,256,1.2,3342,24.395009763965092,0,0.5892221680572386,1403.18
Sports,BrandE,213,253.5880530087588,235,4.6,1410,10.21282339681982,0,0.9309830628472584,822.31
Home,BrandD,181,828.24536674376,442,5.0,4500,31.340131503242198,1,0.674786715045158,1307.63
Electronics,BrandD,338,1460.1414986060277,355,2.2,1172,17.93712552714443,0,1.4871000859241166,1542.41
Sports,BrandC,173,596.6521985434658,3,1.8,888,49.782258833717464,1,1.0611502124351744,1007.39
Sports,BrandB,160,1390.4424100656634,208,4.1,3338,24.009175763094394,0,1.1874368609408674,1755.68
Home,BrandD,164,97.77197412192209,197,2.0,4517,24.29428030948066,0,0.8254182806826078,493.81
Electronics,BrandC,188,646.9678147152067,341,4.5,1641,28.292589370533594,1,0.5947389147793442,830.15
Home,BrandE,191,1120.8041557404867,125,1.4,471,45.83780015593734,0,1.4758708627835366,1418.37
Electronics,BrandD,308,1282.5751675371723,138,1.5,2940,40.040904992987514,0,0.7862590353831832,1357.84
Books,BrandC,256,1175.2292957007262,339,4.9,546,22.556503489892073,0,0.9238081851735742,1622.78
Fashion,BrandC,183,1410.6247383431876,25,3.7,4726,35.9349632986398,0,1.149863921702575,1591.28
Fashion,BrandA,117,61.873059067686185,68,4.4,3597,29.31177493903808,1,0.5246972976861113,259.69
Fashion,BrandE,282,246.8353399561669,61,2.3,2825,24.618352435062445,1,1.310259130517287,595.54
Home,BrandA,196,1744.441291944333,29,3.7,3723,9.615788639217527,0,1.0365781900286204,1956.42
Books,BrandB,34,1379.4098559758145,383,3.4,363,23.196813172744545,0,0.7782171870688221,1813.34
Electronics,BrandA,52,270.2167032377221,19,3.4,2166,12.290929351128732,1,0.5616079852924692,397.49
Sports,BrandA,112,1692.0451529272295,171,3.7,3309,45.74210749258273,0,0.6624984154744414,1936.54
Electronics,BrandD,252,522.3508747579056,450,3.3,545,16.770340674817348,1,1.395033858853437,737.48
Sports,BrandC,82,982.6067741806858,74,2.7,3240,47.613200726668616,0,1.186024223935891,1359.41
Electronics,BrandE,232,333.13320012508757,61,2.1,4729,26.65276450473556,1,0.7499017216368898,604.24
Books,BrandA,227,1434.714610022328,427,4.1,1936,31.577218933808016,1,0.5656007649450295,1864.17
Sports,BrandE,233,1350.3661209778222,153,1.9,962,27.14702222446639,1,1.1906153123866363,1854.13
Home,BrandA,221,461.6693187739656,276,3.8,3005,6.469030848335045,1,1.0724077259677651,792.38
Electronics,BrandB,42,1733.6314953711535,48,1.9,3806,18.79106095039705,0,0.904519524458235,1740.42
Electronics,BrandA,21,832.5467472284388,211,3.5,882,4.957305613881196,0,0.8636114491900638,870.57
Sports,BrandD,42,620.4044275879465,343,4.0,3840,31.147702209169086,1,0.7168142759291083,1151.8
Home,BrandC,113,347.0426994558441,408,1.9,870,22.343709760021945,1,1.1696112565375176,699.19
Home,BrandB,105,569.0276244052981,139,1.2,4611,38.89924857854684,1,1.4706680277938706,871.87
Books,BrandA,192,92.95249638644314,110,1.5,2985,11.023524049968492,1,0.6757152458368259,591.48
Home,BrandE,17,1187.3521102894254,482,3.4,865,8.228302921466746,0,1.0971166200155034,1618.37
Home,BrandB,120,1692.3499553706984,183,4.4,4309,20.31661154818839,1,0.9241850557459762,2014.24
Home,BrandB,129,1120.5118764112015,28,1.2,3203,46.329269160919054,1,0.9466887217446649,1346.22
Fashion,BrandA,130,477.58422575155765,197,3.9,2897,35.52109075062059,1,0.7541472801278144,638.94
Books,BrandB,60,115.65489751705181,191,2.4,2244,20.946181239645934,1,1.3251348756614192,653.67
Electronics,BrandE,48,468.52474285466553,315,2.9,18,25.863608487715528,1,0.9852556041472411,691.2
Sports,BrandB,29,861.43678473863,389,4.7,641,4.210650558854917,1,1.043405852198264,1324.85
Electronics,BrandE,97,1531.242285964603,51,2.3,3083,49.22879481880565,1,0.8047609127973258,1706.96
Books,BrandA,10,416.2935624486595,149,2.9,329,33.32036523474595,0,0.6818084656669497,795.52
Sports,BrandC,242,1453.593334041638,268,1.1,865,14.270203423171123,1,0.5859103882028205,1821.64
Books,BrandB,314,1740.520263286173,50,1.3,773,29.290419710762215,1,1.214119140924916,2143.0
Home,BrandC,232,935.1963538112963,388,2.0,4487,5.474118303449699,1,0.6962342816878556,1320.46
Sports,BrandE,277,1651.7923837030569,246,1.1,4732,48.29183344037918,0,1.1900753541887976,2028.35
Home,BrandB,284,1131.5818286684364,113,3.5,2354,8.739249394168297,0,0.8903764460469539,1419.32
Electronics,BrandD,203,1292.3271323077647,170,2.7,3338,32.40151590276071,0,0.9157748009896515,1430.01
Electronics,BrandC,247,1076.2429976594954,468,3.2,3518,12.272723126946522,1,0.9691774960927717,1228.84
Sports,BrandB,290,953.1867976651164,166,1.7,2942,35.87806913242679,1,0.8677085081275432,1277.75
Sports,BrandC,264,507.57421146290625,409,2.2,2567,38.841068362014056,1,0.6006199772225901,939.62
Books,BrandB,214,641.2284159490398,14,3.7,1674,33.670986445571636,0,0.8096318100028458,1082.52
Books,BrandA,200,615.4417319400376,203,4.9,2683,30.724973012759627,1,1.1637343606939385,1068.57
Home,BrandC,79,1148.4134153599387,288,1.2,3380,44.623454697600586,0,1.165784401468871,1358.63
Sports,BrandD,343,283.9097013965853,395,4.6,739,3.931335549487902,0,0.7862243072399944,795.54
Electronics,BrandD,344,1837.7437968695535,189,3.3,1545,16.54573828900976,0,0.960102626557688,1915.36
Books,BrandE,173,1455.2775333020709,402,3.3,4564,12.414373981542298,0,0.6934472280119375,2064.56
Books,BrandB,69,832.8189802807276,155,3.0,2259,49.40069810327108,0,0.7103720815298358,1240.03
Electronics,BrandC,87,359.317081826437,55,1.3,1135,19.469488983343673,1,0.5230470884066074,526.0
Books,BrandE,101,1769.88473095719,182,1.4,873,36.63063496201994,1,1.3967465499077445,2320.85
Home,BrandC,8,1656.3672756972721,210,3.4,4555,34.23625819405023,0,0.7107066650749062,1960.6
Sports,BrandB,333,1457.3570277984995,376,2.4,2300,10.604061873868886,1,0.7275338769364633,1851.38
Electronics,BrandD,200,579.5167424519226,471,4.7,751,11.949884010577566,1,0.7796014326451318,860.23
Sports,BrandA,87,834.7709429956544,75,2.6,853,14.064228177651705,0,0.627408071695429,1141.25
Books,BrandD,43,250.35909228222556,277,1.6,3732,20.556363912968962,0,1.1392628831813627,806.66
Books,BrandE,109,418.62707321868686,428,3.9,2283,11.71625328252634,1,0.5751429531775866,1140.66
Electronics,BrandA,152,1576.882442767629,133,2.2,1329,0.9825741373423902,1,0.6342024263263503,1628.16
Home,BrandE,17,1444.3255017588335,343,3.1,477,43.96965284035977,1,1.1447567265900929,1831.96
Fashion,BrandB,133,1207.2972378030727,425,3.8,2726,48.2804915690442,1,0.8396606204814427,1400.41
Electronics,BrandA,148,1796.667115556037,59,4.6,3091,17.078519351578397,0,1.2079478267011892,1834.22
Fashion,BrandE,277,1187.3697097354386,345,4.2,4230,16.925343971273644,1,1.0574247446701421,1585.84
Fashion,BrandB,232,960.587599929041,489,3.7,4505,0.35459063871854934,0,0.7560211730615131,1202.11
Home,BrandD,314,713.7229552962373,182,3.7,1269,34.012534416518704,0,1.1508279504893282,1056.49
Fashion,BrandB,228,1883.8745861855366,458,4.8,4181,41.27199478743144,1,0.6162736802928807,1990.78
Fashion,BrandC,139,211.29514997248933,406,2.2,2603,7.330415018000158,1,1.0364103830800304,513.31
Home,BrandB,211,1865.2303755185765,339,1.0,1469,7.983317468357537,1,0.9371481050450347,2121.65
Fashion,BrandB,28,1662.0935868654858,321,2.1,377,39.50416249857189,0,0.7678735828174408,1699.83
Fashion,BrandC,51,303.3633528446175,64,1.9,1680,30.814537417707232,0,1.1040049977395001,504.92
Fashion,BrandE,261,1151.7194974667445,327,3.6,241,2.2430278813858506,0,1.3713335923402825,1458.2
Electronics,BrandE,261,1739.7685644107194,260,3.5,919,31.127349523114084,0,1.4989046997630768,1924.26
Electronics,BrandB,350,1165.0278690339499,193,3.4,69,15.445886142188304,1,1.1077627687434246,1276.44
Electronics,BrandC,352,1819.0396520432134,143,1.1,3924,18.436257773542298,0,0.9047058743291702,1826.72
Home,BrandC,8,1888.818442791283,104,3.9,2086,38.48657091484401,0,0.7252071002162016,2140.17
Books,BrandD,320,873.6498182593965,460,2.3,2007,40.54675963363053,1,0.7570960893951117,1392.05
Fashion,BrandE,138,785.761639742331,406,3.7,800,20.01783134199153,0,0.9794549781497657,1116.32
Fashion,BrandA,38,1875.8262502398559,214,3.2,2779,47.35764680031774,0,0.8672777012807092,1911.52
Home,BrandE,111,1366.5231192418528,242,2.4,4920,20.32313589760361,1,1.4138145226249441,1852.3
Fashion,BrandE,220,276.2442286289301,431,1.5,755,38.591801761505494,0,0.8682954676557095,533.49
Electronics,BrandD,337,132.46891098422833,209,1.4,1995,24.193863228212955,0,0.8734445911454355,326.62
Books,BrandA,223,1151.026649444663,93,4.3,1321,44.8766163261042,0,0.883534512433977,1486.58
Sports,BrandD,136,1863.833382604928,430,4.7,2330,45.38806218250893,0,1.336620210367658,2239.45
Fashion,BrandA,256,1696.2849696913459,142,3.6,109,4.370840393554193,1,1.1507883208469019,1826.88
Electronics,BrandB,360,1367.903105605456,434,1.4,1016,46.824666565511286,0,1.1141688503188927,1260.08
Sports,BrandA,329,321.27590533762066,404,2.6,3865,41.27674207602078,1,0.8341430223838622,625.58
Books,BrandD,49,545.7511983099564,434,3.9,24,39.565535715633345,0,1.3179041768324393,1082.18
Sports,BrandE,292,1757.2468917776016,112,4.1,4938,10.045566984276121,1,0.5383638613557011,2299.18
Electronics,BrandA,324,406.4741114809559,417,1.5,2838,40.25596043773324,1,1.3707971723381132,403.65
Sports,BrandA,78,592.9568460883474,375,1.0,737,42.50663673425184,1,1.0127498997939295,888.61
Home,BrandC,105,302.72126983111184,59,3.8,179,14.457516722707547,0,0.8982502348634128,642.78
Sports,BrandE,169,1368.4110512581017,43,2.4,231,47.613003918116185,0,0.9971672807176857,1764.5
Fashion,BrandB,217,1890.7654954582588,207,2.0,1917,2.4930073199582123,0,1.1674155305338312,2031.62
Fashion,BrandD,119,574.4876616110026,268,1.1,342,7.495462662356983,1,0.5127654265178974,844.35
Home,BrandB,190,977.0428853076437,296,3.2,4572,26.879056902575716,0,1.3715518564582476,1251.01
Electronics,BrandE,255,1286.9624924368484,118,4.4,2623,28.789623556115483,0,0.9467395253113928,1489.48
Fashion,BrandA,266,1998.9591840204798,20,4.8,454,32.25750416504517,0,0.8429665197000782,1994.89
Books,BrandA,149,254.3757267452656,222,3.3,4384,0.8484564657733229,0,0.6382455656340571,706.35
Fashion,BrandE,164,1022.2130590361328,166,3.1,4625,48.01833873110651,1,0.9394653743584421,1352.02
Fashion,BrandA,140,800.9842338098751,131,1.3,2276,2.2294046367071996,1,0.9963227712843788,980.97
Electronics,BrandA,347,1738.3493221835927,156,3.2,595,7.153097636170119,0,0.9036466944934778,1740.77
Sports,BrandA,258,978.1370754727291,184,2.5,3874,0.700725876302849,0,1.1786600938268972,1329.29
Fashion,BrandD,269,266.4061729410388,90,3.4,4530,28.342921664704733,0,0.920896528759226,576.82
Home,BrandD,181,1287.127083308838,94,2.6,4977,46.613344196048615,1,1.4614175778465732,1653.15
Sports,BrandC,160,1553.0222056145656,13,2.0,4497,33.29735830402321,0,1.0992775178235918,1916.67
Books,BrandB,351,55.618440747948455,461,1.4,2669,41.13287342402137,1,1.3074779356519088,562.73
Electronics,BrandE,288,1724.9655365702276,322,2.3,2135,0.6640601729290041,1,0.6093559031094788,1901.74
Books,BrandE,288,412.74485001104796,293,1.4,3964,27.100764923986304,0,0.8972912929459057,1011.94
Sports,BrandE,226,1126.5352610740867,433,1.7,1565,22.978148875276094,0,0.8368477014471527,1619.12
Sports,BrandC,11,860.8051263405277,230,4.9,308,24.94839721103965,0,1.0694823881365918,1305.57
Sports,BrandD,10,1453.3249423905343,322,2.8,342,3.6106592667593973,1,1.3611135200614255,2005.7
Books,BrandC,271,773.7651488321966,292,3.1,435,34.221768053465375,1,0.5783382177620067,1260.65
Sports,BrandE,273,1746.038194529336,438,4.5,176,25.161020742931722,0,0.5725747980447108,2189.41
Books,BrandB,183,1474.4679038696408,26,5.0,138,38.257442493063195,1,1.3503177081575988,1948.49
Sports,BrandA,153,1313.040683572697,75,3.3,193,24.26453170308577,0,0.7128500860383574,1528.52
Home,BrandD,315,1602.669161347566,456,4.2,3257,7.469081811321604,0,1.1687532544498138,1954.37
Sports,BrandD,334,1520.3449181103456,364,2.3,3235,32.4128477038911,1,1.0428781323608052,1933.8
Books,BrandC,124,120.080416097029,424,2.2,942,8.619318105258312,1,1.3328935948872296,744.29
Fashion,BrandD,114,819.7319899974149,299,2.6,4620,43.619728167740746,1,0.6250889098364035,1114.5
Sports,BrandE,278,1865.0742297671552,150,3.7,3879,30.655811953462077,1,0.6297829657226113,2370.87
Fashion,BrandE,213,295.1623245348411,148,3.7,3113,7.8601941778477125,0,1.0568183602783074,696.7
Home,BrandC,172,1487.3382733424999,8,2.3,2962,48.116902874060344,0,1.446378653358371,1715.27
Electronics,BrandE,288,1950.4540321038928,29,1.5,4836,25.91827316676603,0,0.9149977583707543,2102.14
Home,BrandB,174,151.7873266376947,296,3.5,4957,3.6449225935827503,1,0.826942100254695,564.06
Sports,BrandC,113,1380.2780672218903,474,1.5,953,31.34164522075336,0,1.1066893231978858,1711.17
Fashion,BrandB,122,962.9005755370092,414,3.3,1302,12.65994535064051,1,1.4304486005450312,1193.86
Fashion,BrandA,32,1179.3917479807083,209,3.8,3381,40.18467259386512,1,1.3369278328446237,1350.46
Books,BrandB,222,216.41560614443344,128,3.8,2880,40.891103678309534,1,1.49548361073322,742.85
Fashion,BrandA,119,133.86355614053198,340,4.0,2187,48.94736779273309,0,0.5225685832023771,254.45
Books,BrandA,39,1350.3899880742972,116,4.5,4887,25.093476551225187,1,0.6128581447127622,1813.4
Electronics,BrandB,268,1655.4533881503999,439,3.0,545,22.747843986386858,1,1.109467763366622,1677.14
Sports,BrandC,233,1574.929903119286,144,3.9,1927,37.67378027232403,1,1.3205764393338497,1998.17
Books,BrandE,18,1110.4211693391628,430,3.5,4152,6.623532817096328,1,0.7852443423067665,1823.16
Electronics,BrandE,149,244.74030121554745,318,1.7,4,27.34577568965621,1,0.7392110880342188,460.05
Fashion,BrandA,149,1391.686665480227,235,1.1,3481,27.312380006542547,1,1.2869757993812008,1515.8
Fashion,BrandA,126,521.6833229305846,7,2.1,3253,4.473656140519361,1,0.5563818538532316,703.13
Electronics,BrandC,302,1826.583970396398,464,2.8,1362,20.899204275345678,1,0.8693826475825851,1904.95
Fashion,BrandD,360,1684.6174511141246,45,3.5,1820,42.6642399283601,1,1.0058092225923296,1925.42
Electronics,BrandB,238,1433.2967858204122,443,4.4,2663,42.80768109973302,1,1.0603486743503234,1529.44
Books,BrandA,135,1900.2496138707043,239,1.8,2938,4.96188324598405,1,1.228615156792777,2365.5
Books,BrandE,151,111.27255194698222,440,1.5,1273,4.536044137391543,1,0.8548457234306582,794.27
Electronics,BrandC,236,1485.590828868486,432,4.9,3326,13.134773850096765,0,1.1126843446746073,1650.7
Books,BrandB,224,693.9734197059904,155,1.4,3659,43.73830312769967,0,1.0853754227909564,1077.57
Books,BrandC,203,1816.8284770884122,181,2.9,2945,6.445129253674947,1,1.0476161006537472,2343.54
Books,BrandB,256,570.0166334908563,215,3.3,3018,35.99984013137231,1,1.1404832931422122,1027.3
Home,BrandB,86,1463.4701736642833,88,3.2,1131,5.0582809806551605,1,0.7594491710680763,1803.13
Sports,BrandA,150,1761.4116883190238,256,1.3,4763,31.15689268739127,0,0.584648753584629,1969.92
Fashion,BrandC,235,131.23079584623073,73,1.2,2636,17.80336495595724,0,0.6192716720397434,331.97
Home,BrandC,345,825.4127802044704,419,1.4,3029,39.44569814829335,0,0.7245823826539011,1032.57
Books,BrandE,22,1536.5026124427804,179,3.3,3019,11.68452244126818,1,1.0001979355227852,2224.21
Electronics,BrandE,348,937.0918345397948,212,3.2,4377,31.960091469497993,1,1.3404427505460201,1181.99
Books,BrandA,285,571.1426280975109,293,1.9,3159,11.784126728794247,1,1.201293342088384,1020.05
Sports,BrandA,269,478.62043020522054,234,3.6,253,35.68301415560769,1,1.289040604202047,828.46
Books,BrandD,258,306.46062048693693,465,4.3,328,43.68390172803744,0,0.8509756239260914,814.1
Electronics,BrandE,29,1721.4026417197504,239,1.2,2591,6.3400899563380015,1,0.9046537416485502,1930.05
Sports,BrandB,213,1171.9430363405343,223,3.0,2830,43.329784429775174,0,0.8936818859906128,1428.36
Books,BrandC,283,198.95064273333918,119,3.8,3044,29.678762720714897,0,0.6918731844045015,700.06
Sports,BrandA,50,796.0316309627391,313,2.0,1420,6.355524543351199,1,0.561216658143572,1163.13
Fashion,BrandC,95,767.0806190699643,264,2.2,3401,21.3770927679856,0,1.0909160928272268,947.92
Fashion,BrandC,88,404.39142188345284,207,3.5,2892,8.043014674254895,0,1.4892166834205862,673.26
Books,BrandD,44,899.2398696707718,95,4.6,654,35.01739444332848,0,0.6668297049502628,1448.34
Sports,BrandE,278,697.593762516616,373,4.2,759,37.943406720897485,0,0.5466848198992738,1156.15
Electronics,BrandA,171,716.517225709756,222,3.3,1798,5.2898260136399475,1,1.2795316818239328,865.22
Books,BrandC,189,1491.1017876865194,366,3.9,2971,25.306992634732218,1,0.7525860066847242,2064.0
Fashion,BrandA,353,485.3636017351328,276,2.5,4511,40.73125280129586,0,1.3296438053529283,561.97
Fashion,BrandB,184,1301.626919767943,380,3.6,3426,46.80815207754983,1,1.2039366670345153,1478.05
Books,BrandD,3,1162.766766567823,231,2.9,254,25.6758933370885,0,1.4456735370508045,1721.87
Sports,BrandB,191,1157.780399058841,309,1.8,3823,47.513961180570355,1,0.908927235756672,1475.31
Fashion,BrandA,118,1342.864324976463,119,3.8,1876,26.78444852280149,1,1.1619698394506341,1460.06
Sports,BrandA,19,1119.344970581525,268,3.2,2757,19.709524729995398,1,0.9648547808132707,1492.33
Fashion,BrandE,23,1764.54747395045,433,2.4,2624,42.41015642764477,1,1.1305886973085435,2043.9
Fashion,BrandC,30,1367.3811793030065,273,4.6,4995,24.64913552290445,1,0.9495989060077373,1658.44
Home,BrandC,295,1116.578340174207,64,1.1,4121,23.595125528226152,0,0.6886322464240748,1376.77
Fashion,BrandB,108,1668.0380845609075,298,2.3,3004,24.515624470491414,1,1.007897416003381,1816.07
Electronics,BrandD,281,1231.9858016202854,350,1.2,4516,42.339250093487266,0,1.0285842014374422,1284.59
Books,BrandC,128,617.731283181099,413,4.1,3734,41.597077084402606,0,1.3106038482601612,1151.69
Books,BrandE,229,453.8350904443139,403,3.8,1244,20.17599962201056,1,1.235520705793581,1151.12
Sports,BrandB,111,347.0391820422237,494,2.3,1008,16.66499299352625,0,1.163791623941444,702.72
Fashion,BrandB,136,1803.937664464898,11,3.7,4314,24.596401201956464,1,0.6133870955525725,2005.05
Electronics,BrandE,362,1434.7640920062283,98,2.6,1510,28.638625486855453,0,1.220616290663715,1537.86
Sports,BrandD,186,1877.8879544204256,434,4.0,1959,11.916860531399848,0,1.0003051563545147,2309.6
Home,BrandE,144,1226.419021144139,71,2.8,2508,39.697754235779534,1,1.3940995361061592,1639.05
Sports,BrandD,72,973.1317189150794,364,2.6,4758,24.324138286621142,1,1.4198709341305427,1498.08
Sports,BrandE,129,166.44715349323417,58,4.7,2682,16.70227742099798,1,0.5551565906017855,787.99
Fashion,BrandE,364,1359.702449014758,290,2.0,989,5.34104964819953,1,1.3206415603544788,1721.57
Home,BrandA,261,1185.3070815480507,251,1.5,4284,11.942258020180347,0,0.5376973904226706,1348.01
Sports,BrandB,3,1980.9073424958617,276,3.3,254,47.46405858779919,1,0.8671696256950227,2330.01
Electronics,BrandE,104,516.3596166753739,50,4.9,4163,15.25498434097633,0,1.0422999756210791,829.27
Electronics,BrandE,224,1084.9378428093298,358,2.5,4711,8.442964468351766,0,0.6481007986271274,1309.8
Books,BrandC,320,1319.3668034802417,216,1.2,4969,23.03363958274966,0,1.2463138125690767,1795.94
Home,BrandB,362,1306.9527907475701,394,2.4,4452,15.354387168012435,0,0.5083547041721386,1583.07
Home,BrandC,354,1144.5224087493852,416,3.0,255,1.7579625135597077,0,0.6685990484340368,1411.12
Books,BrandB,10,1565.0096201380898,52,1.6,1007,16.157260863970862,0,1.0807968298534756,1955.53
Sports,BrandC,302,449.713358577292,271,3.6,1755,27.20543119697343,1,1.2143875620372924,903.5
Home,BrandE,231,1464.9730405351108,485,5.0,2571,27.585618600998345,0,1.4166431026939161,1882.31
Electronics,BrandE,219,1258.482414294524,84,2.8,3908,17.827946058844436,0,1.2054966519346237,1434.73
Electronics,BrandA,66,1797.346467999418,387,2.4,2997,22.36513781263003,0,1.171779270254866,1769.72
Fashion,BrandC,112,1702.0291561154843,293,2.6,2803,48.27589591173832,1,0.8943411463506643,1899.91
Home,BrandD,13,664.5367263084788,126,1.5,3765,18.86742386151558,1,0.5012844255268014,1077.99
Sports,BrandA,86,588.6627837015485,296,4.5,4379,12.911340662999148,0,0.6201592587356219,971.35
Books,BrandC,234,1964.2239815122732,72,2.7,3383,12.173352203338005,1,1.0345545447560391,2474.77
Books,BrandC,90,1078.1671027847503,296,2.5,98,22.888230635206707,0,1.1751298858444197,1573.69
Sports,BrandA,314,1817.5208796331517,236,3.6,196,37.9760074358472,1,0.9174482838964625,2054.26
Fashion,BrandE,54,369.5679963719403,56,2.8,2529,10.29940920942366,0,1.23067901152839,780.23
Books,BrandC,12,1303.49688386034,407,3.6,877,35.464806357038405,1,1.0218622953321788,1866.29
Home,BrandE,209,1629.227365353143,360,1.2,1868,1.0574911674708143,1,0.5741761955943122,2039.79
Fashion,BrandA,14,1897.4207366935714,395,4.3,2665,20.9466488991973,1,0.6920162509679488,2042.44
Home,BrandE,121,707.8132749831958,110,4.8,1388,38.793253260139345,0,1.339998223243943,1153.43
Electronics,BrandB,20,1463.7132813519024,192,3.6,2415,16.936647788721572,0,1.2249127466244394,1559.45
Fashion,BrandD,75,1100.6853676272572,392,4.8,569,28.186855072269974,0,1.394761987012495,1359.19
Books,BrandC,243,168.226405829613,93,1.6,2637,10.24896164129554,1,0.6175572491209366,731.38
Fashion,BrandD,223,1395.4994877524396,350,2.9,1065,37.099769556308615,1,1.490222534615074,1616.13
Fashion,BrandE,70,1395.6882885637947,56,3.4,421,2.613955163437981,0,0.7094067139499336,1715.35
Fashion,BrandC,312,1864.6832694507473,60,3.3,2883,42.627132243775016,1,0.511779876286642,2028.51
Fashion,BrandE,211,1019.7592700294962,138,2.6,1204,9.909819321083408,0,1.4974229390535543,1309.82
Home,BrandB,101,498.9892953855036,39,2.4,544,43.71990158541654,0,0.7810738854451131,694.27
Electronics,BrandA,186,136.89945572492434,28,1.5,4166,17.626462065025866,0,1.16801945251256,155.96
Sports,BrandC,132,860.502264037516,49,2.6,3639,36.13417872372433,0,0.6766823141763052,1222.72
Fashion,BrandB,111,638.7375651511286,420,1.7,1223,15.961264889309422,1,1.0802285321991416,853.44
Books,BrandB,132,1534.1221967465574,125,3.9,3172,45.29558356173238,1,1.4040349864545592,1990.8
Fashion,BrandC,20,740.8221414400409,13,1.8,767,6.331856275918718,1,0.8201811674284386,1001.38
Books,BrandE,24,1900.6888328139457,480,1.2,3657,8.925989463629936,0,1.1702539760443593,2448.53
Home,BrandB,227,1926.5048958261793,36,3.2,654,24.651506257940113,1,0.6879035887984165,2153.09
Books,BrandD,154,1260.7717509245308,101,3.4,2446,4.096921951907307,0,1.1247953987187254,1849.46
Sports,BrandB,293,1860.8875596790217,282,4.5,220,9.799009235088096,0,0.8364503518175102,2171.66
Electronics,BrandE,230,1533.6659718032665,86,3.3,3666,47.188319110600716,0,0.7112082585879517,1659.82
Books,BrandE,310,1116.3762999014962,4,2.4,4277,48.82448305739436,0,0.8131820507036351,1650.68
Books,BrandD,359,401.6004740744173,223,4.2,4402,18.812966466521097,0,0.6788410685077994,990.08
Electronics,BrandB,202,944.2659898519879,338,3.2,2569,46.164301050696785,0,1.4019161078378828,936.75
Sports,BrandE,38,1143.7052035571044,448,1.3,1013,27.241233783671586,1,0.8971868863171288,1677.39
Fashion,BrandC,260,1734.7250824332698,166,3.3,2051,13.487123293688352,1,0.7452793049743673,1941.22
Books,BrandA,188,988.6000842445466,383,4.6,3985,35.119936054029935,1,0.9484078410159329,1458.5
Electronics,BrandA,57,1800.4656117220154,344,2.6,4943,32.94509032874286,1,0.8205361668064955,1835.12
Home,BrandA,20,1364.9805090957643,383,2.2,4899,49.45626595543667,0,1.244419253813326,1596.72
Electronics,BrandB,273,317.1481729546592,376,1.6,4310,13.252364370464164,0,1.4712199118854943,391.83
Home,BrandD,119,1990.2136701839313,471,1.6,3019,33.60297513308677,1,0.9380336566976468,2310.92
Sports,BrandE,71,1078.1036884701296,278,2.7,3681,2.6011877514723447,1,1.3610333999722404,1679.39
Fashion,BrandC,4,814.1236779977038,130,3.4,1443,5.68230193483597,1,1.0658630735596195,1115.28
Electronics,BrandC,221,1335.2718407155767,31,1.3,4196,0.1959187475546631,1,0.6572356650942335,1469.29
Books,BrandB,14,262.3419622630262,375,4.8,3010,49.97303405298366,1,1.1906227420813416,787.18
Sports,BrandA,3,1291.250361169041,11,4.0,572,40.11368485737389,1,1.0134344971258202,1611.46
Electronics,BrandB,216,1021.5602009735823,476,3.3,1332,39.33615073667704,1,1.1506065232521034,1054.56
Books,BrandD,229,843.014436497237,302,4.3,4753,25.486303764408984,1,1.389687412571665,1521.15
Electronics,BrandD,336,1908.3890412988533,96,1.3,4002,15.003354145271997,0,0.9404345706560461,1994.7
Home,BrandE,186,1068.9524476275037,190,2.9,3134,7.563214223133796,0,1.4011776232173556,1521.6
Electronics,BrandE,55,477.2790849663799,453,3.5,4086,14.233736942323183,0,1.2506690142816548,758.5
Electronics,BrandD,254,944.9787847857324,192,4.3,225,18.798561096456957,0,0.9886049258779848,1095.3
Electronics,BrandD,24,1842.8054389167116,486,4.1,4200,37.8155048490147,1,1.1032221356579637,2035.48
Sports,BrandD,162,393.3861690946596,266,2.1,1997,26.98308944515762,0,0.8255811325190114,817.01
Electronics,BrandB,158,467.21622544206195,424,4.8,771,3.874181327774134,1,1.4835972997387743,661.37
Books,BrandD,82,75.40765712631331,128,1.5,4524,0.901450447945612,0,1.1673511630503959,704.7
Home,BrandC,159,77.670596321746,238,4.5,433,5.116608976703158,1,0.5438468524966299,490.49
Home,BrandA,188,1667.3136725690995,408,4.9,3099,20.524935684868968,1,0.8266219057480088,1885.69
Electronics,BrandD,60,1477.6390833437638,355,1.7,2729,46.659645852450915,0,1.1233144337590575,1576.21
Sports,BrandA,305,742.3300600813186,428,3.9,3407,31.87012406046108,0,0.5563332777992398,1026.0
Sports,BrandB,319,1411.7067565937668,112,1.2,3140,40.091294993775755,1,0.5238841913191428,1723.42
Books,BrandA,211,820.6515563044419,316,2.6,865,23.318729725227428,1,0.9500242395278026,1272.41
Electronics,BrandB,152,1908.1487521957636,446,3.1,2793,18.08330415975214,1,0.83269017969267,1950.57
Home,BrandC,109,1935.752728780768,343,3.3,2911,5.420018635831136,0,0.9382986080331659,2218.72
Sports,BrandB,76,815.9478628282196,145,4.7,2415,43.79665110931025,0,0.7626933098800052,1222.2
Electronics,BrandB,30,1715.7327173646927,65,3.7,250,39.158001451395144,1,0.6647177469429809,1780.09
Sports,BrandE,314,1557.523631310059,247,2.9,4951,8.405904879886256,0,1.1891433569803378,2073.99
Sports,BrandD,117,654.4998774849892,223,4.2,3757,25.613028193813026,1,1.0145711162678004,1216.0
Home,BrandD,356,502.47766635715664,479,4.8,4656,24.368740396062243,0,0.7001542112493668,893.96
Fashion,BrandC,192,943.557568266026,490,1.1,918,31.25457763432643,0,0.8195894262599983,1079.09
Books,BrandC,19,1573.630239198092,313,4.9,1173,47.30934469956306,0,1.091807907663326,2026.57
Books,BrandD,173,1922.3271802210536,439,1.3,3203,28.98857208812398,0,0.5722293482724778,2335.48
Home,BrandE,228,1538.9791842898164,106,4.3,432,27.01086333893093,0,0.6474530092661795,1868.52
Sports,BrandD,350,1717.6536207858214,181,2.1,835,2.516146646733197,1,0.5732456041073901,2159.71
Electronics,BrandE,183,1225.9753970325073,184,1.5,2246,3.1453738009011967,1,1.3123173327141189,1459.29
Sports,BrandC,113,1679.0452701421455,226,2.8,2262,9.367339566339444,0,1.2524092332120094,2079.91
Home,BrandA,183,1579.6206731066645,265,3.6,897,1.623538584587414,1,1.253312931879257,1826.17
Books,BrandC,146,785.1218067562462,278,2.5,3632,37.167644778500616,1,1.216325343476028,1314.09
Sports,BrandC,319,1126.3810891354062,397,1.2,4567,36.16651519969815,0,1.169385423669869,1487.64
Books,BrandB,116,1619.268587879905,89,3.4,3815,6.802811721582147,1,0.976991915378175,2153.51
Electronics,BrandB,113,139.81063167041492,176,4.6,246,41.803945039764045,0,1.142278163507115,216.45
Books,BrandB,251,1625.7546005938684,18,2.5,2429,7.7393017423055985,1,0.5383615547879746,2111.91
Books,BrandB,251,396.8818418955957,371,1.9,990,15.05877934986794,1,1.1214644226567847,912.98
Fashion,BrandE,303,1053.6330533868058,460,2.8,3310,12.44884495806825,1,1.277877705536877,1452.12
Fashion,BrandD,313,1626.1371071340784,424,1.2,926,18.61535492865239,1,1.0003583603843902,1830.37
Fashion,BrandA,118,544.951102405555,401,4.3,3438,12.733188294498094,1,0.8575133284272369,767.95
Books,BrandC,301,529.3245066469983,399,4.3,2607,24.4475463219226,1,0.7774267348009791,1083.23
Home,BrandE,161,835.3905770013912,106,3.4,1074,20.37039406773427,1,1.1428020501620826,1291.22
Books,BrandA,198,1794.5534552763875,271,2.4,4022,49.328474538966326,0,1.1928011986299087,2129.67
Home,BrandE,260,50.863423802555374,463,4.2,3799,2.7963175064112833,0,1.3709675998625426,605.85
Home,BrandE,148,1807.697038451773,319,3.2,4784,7.109068819367581,0,0.8423340824609907,2244.61
Fashion,BrandC,240,349.92369805113515,167,4.3,3151,2.6412946954301244,0,1.2697723073855856,622.86
Sports,BrandD,47,1980.66843333159,13,3.5,3438,31.29205974911879,1,1.061355824189338,2472.23
Electronics,BrandB,198,1911.9516364250128,337,4.1,4573,2.725463870685979,1,1.3828364906780792,2023.55
Fashion,BrandD,47,1014.6166197030025,32,3.4,3491,41.821986868806164,1,1.0278121082956209,1327.25
Fashion,BrandC,78,1049.804483234625,393,2.7,706,25.59693153409639,0,1.0176298283979672,1222.55
Sports,BrandC,124,989.0212135379159,40,4.8,3064,26.350381229076685,0,1.077877081440909,1447.5
Electronics,BrandC,75,1289.115109036069,148,3.2,753,28.07972538560971,0,1.2493153551424343,1343.36
Books,BrandA,359,226.90731935811553,218,3.4,587,8.540685315310537,1,1.464690478828461,753.81
Books,BrandD,137,113.60499926605468,219,1.9,1334,9.884515155724378,0,0.5735633542157657,663.7
Fashion,BrandD,90,162.52071041100277,469,3.5,1847,15.940866143650235,1,0.5534346023910172,505.22
Electronics,BrandE,325,916.512431020953,82,3.3,3934,29.67482079109257,0,1.4375503374073384,1107.34
Fashion,BrandE,61,587.3184814779926,333,1.7,3926,10.505888797010726,1,1.0298756255182062,949.91
Home,BrandE,138,1262.9771466234379,208,1.2,3317,5.816586356663062,0,1.114903014566936,1666.9
Fashion,BrandC,50,1985.262464280819,201,3.4,4020,48.50584432092161,1,0.9824236015947289,2207.78
Fashion,BrandD,259,803.3301874991085,447,4.1,3155,1.0990907404811456,0,0.5936574526074745,1169.76
Books,BrandC,107,1168.990445503801,332,3.1,4302,40.13487026680108,0,1.2680893784186664,1664.58
Books,BrandA,113,860.4275970193042,428,1.9,2198,39.4017574787511,1,1.2472246450885869,1297.03
Books,BrandE,350,1702.1797520576258,38,3.7,164,14.8607056922548,1,0.811703321492812,2306.98
Home,BrandC,254,1809.3609867513644,211,1.3,1998,6.78133080036567,0,0.8062392452284004,2060.08
Books,BrandC,118,1760.843443800257,444,2.8,3057,7.2814323352711705,1,1.3378413809055185,2316.3
Electronics,BrandA,198,1950.0258654245524,327,1.7,2084,34.87158086185963,0,0.5723572577413266,1838.89
Sports,BrandB,337,103.66241102380982,249,1.7,4428,32.140329554308686,1,1.381105148356566,530.96
Electronics,BrandD,51,1687.6415161837854,227,1.8,402,39.137283712569335,0,0.7566616898959144,1721.04
Electronics,BrandB,245,1515.955737426232,48,2.5,413,46.874058619955235,1,1.092984747755494,1507.28
Books,BrandE,35,495.9540983307113,18,1.2,44,34.5963681633296,0,1.4359941790017778,1064.81
Sports,BrandC,302,1914.8241821056788,400,2.6,4157,7.792576827572173,0,1.1781225015366465,2318.74
Sports,BrandA,69,338.94696004839363,439,3.0,2467,12.172130838270533,0,0.9144298124670366,681.54
Sports,BrandA,349,1375.1223579111213,295,2.9,867,42.10968654365573,1,1.1895342089054153,1638.57
Home,BrandD,320,488.53592279102935,196,2.5,18,10.46530379171043,0,0.8439796363163702,874.92
Books,BrandB,49,891.1922651094457,187,4.4,364,3.626115847724071,1,0.7772584163491861,1472.72
Sports,BrandD,74,1452.3617990419095,345,1.6,3832,35.164002702112526,1,1.4966832779346797,1944.22
Home,BrandC,192,1148.483051964441,224,3.0,579,20.1263177745071,1,1.2507902311797876,1485.41
Fashion,BrandD,261,883.6285710898178,318,1.2,545,46.00200262729518,0,1.1447199773818175,1041.55
Fashion,BrandA,356,686.359940317375,488,1.3,4150,32.51275355468308,1,0.8552896432193188,814.62
Home,BrandA,70,1687.3363286321412,397,3.3,4873,4.520948889583037,1,0.5491608291550482,1999.34
Home,BrandE,90,330.43798311388673,365,3.3,3039,47.392828362683034,1,0.5310568760351556,733.42
Books,BrandE,260,888.7006092331101,337,4.5,4137,12.927863182012295,0,1.0541812554487988,1529.1
Books,BrandC,126,1812.3272649615271,497,3.2,4044,16.86062452031429,1,1.2620327210390512,2393.88
Fashion,BrandB,231,1699.406623396937,229,4.8,4326,20.1130206841771,1,1.037379190443855,1915.95
Sports,BrandD,295,831.8364368224411,390,1.2,452,2.5612148202156626,1,1.3407850719391146,1310.93
Fashion,BrandC,129,1538.061309022551,467,1.4,3961,24.825771111530244,1,0.5334265330932216,1707.14
Sports,BrandE,280,1655.1636198822755,77,1.2,1381,6.165924553764612,0,0.8667520764259401,2084.79
Sports,BrandD,313,1783.330476807078,188,1.7,1467,20.048516334417588,0,0.737070391174178,2115.5
Books,BrandE,100,1111.7862496459945,346,3.2,2738,17.535489399604216,1,0.947272968157122,1822.75
Electronics,BrandD,326,448.698727806688,270,3.6,1216,38.64200417132517,1,0.5723763931941225,617.26
Electronics,BrandB,297,547.8526991826667,95,1.2,880,40.15852558163655,1,1.4541316415710726,585.71
Home,BrandC,182,626.6046143811282,310,4.8,3814,7.6706441194544,1,0.7232554010693609,1079.33
Books,BrandD,174,1207.9148375787502,132,4.4,3149,18.32755936896131,0,1.422307775483585,1824.87
Sports,BrandA,316,113.97876705078646,39,2.2,84,18.667658051591584,0,0.9258931550366818,430.88
Electronics,BrandA,364,1290.2828141209382,72,1.3,4144,7.570522196804252,0,1.485524133255218,1307.71
Sports,BrandD,188,760.4907649350524,281,1.7,1168,39.92267525255953,0,1.0540583834602106,1138.51
Electronics,BrandD,57,625.7215148548022,333,1.5,4164,35.36141641677116,1,1.4308328641758075,826.62
Electronics,BrandD,31,1765.0183129198465,160,1.5,3129,9.519089314851737,1,0.5053489886942228,1946.46
Electronics,BrandA,84,947.004671382558,187,3.1,3645,18.33609542968995,0,1.2482388061809,979.93
Books,BrandA,152,235.35343878875094,486,2.0,2526,5.290251242825711,0,1.4030506531025155,705.05
Fashion,BrandD,36,1662.1561976511816,191,2.4,2867,31.410329854652197,1,0.6397205669789541,1916.46
Sports,BrandE,213,142.9004520011879,422,5.0,3516,6.068596227430984,1,0.5961258517321515,821.07
Books,BrandE,364,1467.1609871279834,120,3.7,3367,49.29670843124589,1,0.9245726071859556,2008.66
Books,BrandB,106,1559.117132452797,220,4.8,2194,39.03410373439311,1,1.4336789061329351,2067.74
Books,BrandC,342,737.5750815612735,53,1.6,3555,19.511927479199752,1,1.0423865601904387,1271.62
Books,BrandE,220,1658.336319741684,222,2.5,445,28.92819661396772,0,1.027456463721732,2194.99
Books,BrandA,163,1055.5358414200841,451,3.2,3626,45.56709081082044,0,0.6411261182993219,1430.36
Home,BrandE,220,953.4226238819538,412,1.3,4016,27.704964019791305,1,0.5007895110932188,1391.68
Sports,BrandB,270,138.53639886395047,131,1.0,3875,8.72492431989776,1,1.3101400907454612,612.28
Books,BrandB,120,615.5569276153665,237,3.7,3337,18.935167779057966,0,0.5875745629862382,1136.84
Sports,BrandC,336,1865.4694432263345,246,3.6,261,42.15724325148727,1,1.133849818735324,2241.78
Home,BrandE,182,814.056728402825,226,2.6,1848,32.210650799480895,0,1.4146164545151914,1209.48
Home,BrandA,106,1116.0660150856982,208,3.0,4992,32.536219216690014,0,0.708651913158431,1316.41
Sports,BrandA,217,1087.442274019291,406,2.7,4025,43.34107428442446,0,1.1652728362369107,1371.35
Electronics,BrandD,205,1201.340625154252,96,1.1,2266,44.69865287312523,0,0.5786985767075095,1258.04
Fashion,BrandA,70,169.5953635044011,422,2.3,91,45.98962858897181,1,1.103755143837613,285.98
Electronics,BrandC,44,756.2436968575201,200,1.7,4222,4.742459662657805,1,0.6639317209532027,958.78
Electronics,BrandC,329,1460.1001340709806,247,1.4,4175,27.206300098155044,0,1.2359535605151781,1505.91
Electronics,BrandA,301,441.09248959231667,72,4.8,3309,37.02547606091593,1,0.8012312947939082,500.94
Books,BrandA,228,446.9778362154029,318,3.4,982,37.84634225635069,1,0.9633910088046462,908.67
Home,BrandD,184,69.67668304359822,185,3.9,3443,30.335810098500193,1,1.0994305420276218,533.64
Electronics,BrandA,107,903.089756886009,6,2.3,2533,8.339366759183708,1,0.6712734106662396,1013.0
Home,BrandD,84,1771.332042313173,206,2.6,693,39.871027697083214,0,1.241637818617621,2008.29
Sports,BrandD,338,151.20683999525258,32,1.9,4120,36.00556667574729,1,0.8026403406368146,629.98
Fashion,BrandA,250,422.6814835172051,99,1.4,155,4.306788577451814,0,1.1623718599127535,533.01
Sports,BrandB,363,654.6648497683724,394,1.7,3588,23.190491233718813,0,0.6582830506993737,1001.63
Sports,BrandB,21,1476.863236300215,387,4.2,1812,8.69886997609018,1,1.1881176592063503,1929.28
Books,BrandD,196,1299.2394059650437,256,3.7,4114,16.873852285648596,0,0.6281880728104617,1871.12
Fashion,BrandA,178,861.0906139346173,187,3.2,1407,0.9040546102842717,1,0.9253564962699836,1031.71
Sports,BrandB,7,1530.1844315538326,76,2.9,1216,20.016493420537913,1,0.7472060737388768,1882.38
Sports,BrandA,70,1238.7804727309588,177,4.7,1410,27.493846057810522,0,1.2483752494281826,1566.86
Fashion,BrandA,127,1797.279559331577,315,1.3,3497,30.97912964135434,1,0.7620350045068746,1839.31
Fashion,BrandA,160,1645.1521608204514,287,2.1,4372,33.17451725643551,0,1.3817173063953962,1697.08
Sports,BrandE,248,542.9865318739411,349,2.4,4840,41.814565655123,0,1.3918202114066127,1055.58
Fashion,BrandA,203,579.3052263866904,255,4.1,551,10.773145363786501,1,0.6964413152227859,747.25
Sports,BrandE,148,294.44512779515196,325,5.0,3394,6.024091121923397,1,1.1138459450077243,1002.34
Sports,BrandD,143,707.0812151490402,190,2.0,1176,42.57685859489628,1,0.5877176417199643,1166.14
Books,BrandB,199,1999.1106415022339,308,4.5,4734,7.830640744632494,0,0.8915370996016292,2446.25
Electronics,BrandB,154,841.2147787993689,345,4.3,4332,48.738004066809765,1,1.2133217295012724,933.35
Sports,BrandB,142,479.95244764375747,127,1.9,997,42.12691146993185,0,1.1594232468499164,744.54
Home,BrandB,313,1536.8416247273283,425,2.6,4076,25.043830294479957,0,1.124700669406608,1739.46
Electronics,BrandB,165,1107.8184567521794,287,2.6,2731,49.07107124610126,1,0.7825408636624436,1155.9
Electronics,BrandB,314,341.72282657755744,254,4.9,3937,4.868836455400211,1,0.878024949434402,538.93
Electronics,BrandB,21,792.3448782636882,213,1.7,4052,15.153288058755082,1,0.6029461447002862,922.15
Books,BrandD,82,858.2159453017194,250,4.2,372,31.911220752030573,0,1.2190228204336009,1387.13
Sports,BrandA,69,1519.9679161099764,84,2.3,2248,17.500343423658936,1,1.0038887967912735,1866.63
Books,BrandC,131,90.3091693392137,487,3.9,848,46.41862759903959,0,1.2087656323456546,591.5
Sports,BrandE,87,574.5883112567054,383,2.7,2556,3.281304408890878,1,0.7489435247968728,1182.87
Books,BrandC,218,1059.312787565268,406,3.3,2322,27.470591603048227,1,0.8244382286350662,1591.7
Books,BrandC,305,574.2511477830445,388,4.3,503,29.543313369755726,0,0.8342153372601147,1046.58
Home,BrandA,345,1275.4463924670479,13,4.2,3189,32.63640618886121,0,0.5257424097472162,1420.5
Books,BrandA,341,989.6415845855024,45,4.5,702,12.783311166590721,1,0.8410478728306235,1472.1
Fashion,BrandA,161,755.3349969761822,127,1.2,3625,18.22832137599322,1,1.3033045735180335,922.34
Home,BrandB,178,1900.9568223974989,426,3.8,314,42.184026483248886,1,1.3972984957497385,2145.8
Books,BrandD,117,1282.7110234135919,114,1.6,2376,9.747138448507991,1,1.0182183156359275,1880.18
Electronics,BrandB,196,303.38567592248535,433,2.7,1040,41.343392358668105,1,0.9555016952192202,381.85
Fashion,BrandD,327,1142.1788100146211,276,3.2,4378,28.13277114513712,0,0.5308246186993703,1335.29
Fashion,BrandD,86,1572.427113741757,205,2.6,2990,38.109375559704105,0,1.3792043375853826,1776.86
Fashion,BrandC,289,1431.5549101109548,337,3.1,257,35.680368313173574,0,0.5130102134258727,1539.13
Home,BrandC,81,385.5739971257558,438,5.0,574,10.37557476924395,0,1.4447500802102118,825.59
Books,BrandD,152,1946.2189981282015,420,1.5,4669,28.440636821693644,1,0.9892162486880907,2496.93
Books,BrandD,61,925.1866092058816,481,3.7,1552,43.386157640254616,0,0.8419344935747266,1481.55
Electronics,BrandB,61,360.09875729350955,385,2.6,4518,21.605811840096468,0,1.42421843484266,494.64
Electronics,BrandB,354,401.3817205498884,399,1.5,757,48.329538511165836,0,0.5243909931100967,338.33
Fashion,BrandC,28,241.55823476870697,461,1.6,2810,22.610755005085903,1,1.081424894869087,526.34
Electronics,BrandA,43,1616.8603114481218,273,4.8,1104,7.139281833394234,0,1.0489325244993375,1660.67
Home,BrandD,169,287.9594639276049,408,4.5,4524,19.47173400388366,1,0.7193204012113821,755.75
Books,BrandB,86,293.99425142640655,58,4.6,3459,47.58512031952686,0,0.9288874313502106,772.29
Fashion,BrandC,177,1708.4196487836334,328,5.0,3992,15.98604246699271,1,1.15226400594377,1993.7
Electronics,BrandB,17,721.9779646727413,498,1.8,203,43.40490799335314,0,1.2271311968819276,754.33
Home,BrandD,98,110.17291340074127,219,2.4,2775,44.06253408409449,1,0.5007168587065798,455.9
Home,BrandD,198,151.1958340609012,109,3.7,2332,17.509326216598055,0,1.4368534300910154,603.36
Electronics,BrandE,98,327.2323710725963,279,2.9,1992,4.1628829025316065,1,0.6645253723928124,621.86
Books,BrandA,65,466.1170285525946,174,2.7,2243,36.22789545794091,1,0.7335804342223592,884.85
Electronics,BrandE,330,1347.0350787648904,328,2.4,306,15.5756149506993,0,0.7634734456938482,1513.1
Fashion,BrandC,341,356.78624600356505,264,3.4,1687,39.14618071287862,1,0.5378201365520353,592.2
Electronics,BrandB,5,281.8050627952904,315,3.3,4109,22.132742413021656,1,0.6230521235903249,473.82
Home,BrandC,2,1541.2023258787444,474,1.6,1860,24.26333711713108,0,1.4863499229441621,1826.62
Electronics,BrandD,22,1358.5578035268331,111,2.9,1961,38.89547033742684,0,0.8152167373772861,1503.9
Books,BrandE,112,898.8822318377106,187,3.2,722,19.118166553081394,1,0.6153010903390493,1555.36
Sports,BrandE,57,1121.1540543862027,269,3.3,779,22.156367266145725,0,0.6069912611746233,1603.95
Electronics,BrandE,66,658.368839636516,423,1.8,528,18.809523438481108,0,1.2194599676699718,865.95
Books,BrandC,330,990.8758194589533,229,4.0,4893,18.367025763864,0,1.3545686640326409,1566.03
Books,BrandD,98,1038.0116655163542,497,1.1,343,26.297328845072972,1,0.7569522995084699,1556.27
Home,BrandB,144,805.112678797287,156,2.4,3786,40.43997222505754,1,0.520909512335235,1058.03
Books,BrandB,125,1817.8158108107175,473,4.1,3682,18.088415596128293,1,0.7230900184453558,2312.58
Books,BrandC,167,81.32063671296198,189,3.3,208,26.212736026886834,1,0.5565156907967573,600.81
Books,BrandE,86,1575.23396302793,272,2.0,4736,33.53636627213004,1,0.6033949366300415,2179.02
Books,BrandA,76,292.54652092058245,375,3.8,3406,13.47197231518275,1,0.9315081198476424,793.66
Fashion,BrandC,344,1605.2173530475388,2,3.3,1311,13.876140245119629,1,0.7299183708616326,1814.87
Fashion,BrandC,294,1251.0282355696063,246,4.2,2299,46.67065635117274,0,1.0159458785254234,1420.51
Home,BrandD,59,1694.3922773259847,210,3.9,3336,36.17672866655443,1,0.7534937532571904,2055.85
Electronics,BrandB,138,240.15293499975004,401,3.4,1947,28.859333811165445,1,1.4405373011029476,420.86
Books,BrandC,99,1140.0122364945594,286,3.0,919,32.3860027210306,0,1.4059439679262646,1590.5
Electronics,BrandC,192,1027.1213665112844,359,1.5,2044,1.4649721551709183,0,1.066806105010466,1159.9
Electronics,BrandE,243,1427.0767067785494,13,2.0,418,30.905148278084845,0,0.8544239919873862,1552.93
Home,BrandE,319,1091.8665761926677,96,2.7,1749,25.475443661210097,1,0.8811468820347356,1468.03
Books,BrandA,49,1104.4324059095532,498,3.4,2842,27.287483988971783,0,0.911852283144497,1567.73
Books,BrandD,32,887.7120899733261,221,3.1,1099,17.971191341540855,1,1.227579322134944,1512.73
Sports,BrandA,277,652.2271268143146,238,2.2,3392,4.073694885647095,1,0.9516389955188379,1022.69
Electronics,BrandE,20,990.4155044417747,94,1.0,2772,9.66696168060261,1,1.3567299465058973,1229.84
Electronics,BrandB,154,281.06009959838116,338,3.0,2480,47.537235660633584,0,1.4440947859303646,330.26
Fashion,BrandE,68,1924.9510110170154,269,2.1,1545,20.4349781135467,0,0.8359461533789339,2161.01
Sports,BrandD,214,1443.1009890718667,171,3.9,1070,23.33415779154321,1,1.06069448137568,1925.45
Fashion,BrandE,143,1907.3108775413011,469,1.1,1850,2.6354894926719497,1,0.5950565368325644,2194.77
Fashion,BrandD,232,492.11839554342833,94,3.3,4198,1.8783114771990295,1,0.700469047766359,882.21
Fashion,BrandD,213,1764.7149893442297,149,4.8,2939,35.85907235233788,0,0.9134657667101601,1978.5
Home,BrandD,79,1627.1404698989,112,1.7,1903,26.904733206055564,1,0.7062027159017789,1919.59
Home,BrandD,214,1370.4472042924635,55,2.9,678,25.435299210813334,0,1.3765604907887177,1682.74
Fashion,BrandD,116,1268.8069128661512,337,1.4,988,12.156226521133433,1,0.6582862560590981,1479.73
Sports,BrandB,92,667.2718472723465,424,3.5,2475,37.23753658149611,0,0.955660821553092,1030.73
Electronics,BrandA,270,1642.0010306818099,467,3.2,1607,8.411828955424594,1,1.1056992404598756,1659.73
Sports,BrandC,168,1027.9551498854808,116,2.6,2869,9.496737183051001,0,1.1918639081608444,1460.48
Books,BrandA,58,188.23857298800647,143,3.1,1502,23.035608567413774,0,0.8830693697265067,656.75
Home,BrandD,284,660.0831636675035,201,4.6,1789,14.313993105597046,0,1.3690990687247284,1052.04
Electronics,BrandB,26,1873.829342163389,180,1.8,1425,12.373149061657319,0,1.0683191510779255,1906.32
Electronics,BrandE,66,1708.8265081794502,202,1.1,2440,32.26188222766658,0,0.9395077804475518,1818.18
Books,BrandB,248,1964.7161112492513,364,4.4,2042,32.54858726092723,0,0.5672406340520366,2387.08
Books,BrandD,254,1274.5870960779912,479,3.3,1278,41.22585348999646,1,0.964689468445165,1803.42
Fashion,BrandB,44,532.6446426238033,53,4.6,2594,20.885428348648794,1,1.3207358408157304,800.59
Home,BrandB,97,367.48934686988434,471,3.4,4689,3.654254551307512,1,1.1145410182213156,794.18
Home,BrandD,42,414.4831591865002,384,4.2,2436,13.683319246072884,1,1.3321624537291183,901.8
Sports,BrandB,227,88.60153377714605,180,2.7,3803,49.000273159840845,0,0.9940116705993056,418.49
Fashion,BrandC,262,811.8301164225815,414,4.0,2205,29.812928761635106,1,0.6184617050944818,1046.46
Fashion,BrandC,167,423.2839769741079,417,4.7,1027,35.48685424005102,0,0.5136398458358811,633.23
Fashion,BrandB,279,852.7281478905697,313,3.3,3539,0.3678914812707268,0,0.8032195467185912,1083.79
Fashion,BrandE,89,1873.2391420855924,308,1.7,3483,25.910286609126043,0,1.1979904714977925,2084.94
Home,BrandD,178,889.5534085390204,137,2.1,2241,1.8764328765901561,1,1.2902599039416938,1327.1
Home,BrandC,197,1762.069769120428,182,1.8,2765,28.4615106045724,0,0.7957528346203294,1997.36
Fashion,BrandE,307,1230.7342949009592,367,2.0,1173,46.038542481803766,1,0.9956539208832471,1481.89
Sports,BrandB,267,531.9065315897142,1,2.2,3230,48.420956525020394,1,0.9211189044340816,911.9
Electronics,BrandE,268,743.9167805554622,44,3.2,3350,27.027633769446208,1,0.9105227843514279,999.19
Electronics,BrandA,74,213.64309485178737,227,3.4,4911,22.9102402626108,1,0.7313487132001505,335.1
Sports,BrandC,8,700.2520575122205,331,2.7,403,47.2508547124247,1,0.6363711050294584,1108.91
Fashion,BrandB,297,1371.2048437318915,98,3.5,4988,33.68049159983475,0,0.6966885582312131,1498.35
Home,BrandD,164,190.6166312123986,208,1.3,2725,3.244963976920473,0,0.5553323871633461,570.3
Electronics,BrandB,85,450.5327465321572,265,1.4,3382,23.286278883374877,1,0.698130741823577,566.02
Books,BrandD,72,793.8100307559574,288,1.7,4163,12.012250923215195,0,0.5092008976253795,1350.75
Books,BrandB,55,1964.9965971811268,271,3.1,87,23.490216072434077,1,1.1272584006359783,2398.73
Sports,BrandE,47,1580.4805547698163,140,1.9,1158,22.773278600318086,0,0.8163754073876829,2014.72
Fashion,BrandE,238,1480.2991556596025,481,2.1,4273,29.1072401407371,0,1.4731447114269085,1780.26
Electronics,BrandE,104,276.57236522461966,237,2.6,2857,17.838524517462563,0,0.6937170507762979,453.63
Fashion,BrandA,210,1572.9419925492334,462,4.2,1381,8.213522472796402,0,0.8458285703095939,1687.96
Electronics,BrandD,42,1581.2741824562295,441,1.1,4681,25.185971729497815,0,0.8578411586415332,1692.87
Sports,BrandE,316,1222.1502564674402,392,3.6,2064,41.5101442172881,0,0.5084514960624605,1620.7
Sports,BrandA,268,1981.205474896825,72,3.7,2374,33.200611403380115,0,1.339207953039459,2233.05
Books,BrandD,263,684.2451165528763,155,4.2,317,16.918393296260792,0,0.5319944601443247,1252.54
Fashion,BrandB,336,1885.4812740716106,190,4.7,1502,46.77615113794286,0,1.4401798347292414,1978.07
Books,BrandA,259,1833.725674165182,268,1.1,2042,45.61037856245911,0,1.3920743510936207,2056.06
Fashion,BrandC,283,72.38728651128679,321,1.6,4598,10.467419969204938,0,1.0355219160859637,355.91
Books,BrandA,114,927.7272266258815,107,4.5,2022,1.9708792560181487,0,1.0435955749112922,1392.77
Home,BrandA,363,1955.353254450568,232,2.8,118,37.06543541753811,0,1.1537779229561562,2052.68
Home,BrandD,40,251.0866566957478,42,3.3,709,41.38051306745766,1,0.887050011934887,666.29
Home,BrandB,220,1118.180154047473,190,3.7,3557,48.39322829756777,0,1.1472222833978556,1319.94
Home,BrandC,129,1958.967138730153,371,3.7,4140,44.49181970441553,0,0.5447683886884869,2204.09
Electronics,BrandE,8,1133.2160770064274,139,4.7,4409,30.026738410320743,0,0.5540476273497266,1362.7
Home,BrandE,101,420.1398407957042,103,5.0,3250,26.50261696061904,0,0.9572304196195444,855.82
Sports,BrandA,176,1185.25729868055,171,3.9,417,1.3920525631293146,0,1.049622301106035,1542.62
Sports,BrandD,107,448.65911920161636,351,2.1,2603,12.332822342238892,0,1.3878176403358191,935.02
Electronics,BrandD,101,1063.423312644244,273,4.5,3854,22.98073758664632,1,0.6046606339078963,1283.78
Home,BrandE,260,194.3823249290786,481,1.2,1101,31.42519500417839,1,1.3226479271938894,612.44
Home,BrandC,246,1230.691204968089,416,1.9,4421,27.862591665920533,1,0.7100473372920696,1547.79
Home,BrandB,275,1057.7403812999084,221,4.6,3428,37.131799484084524,0,0.8940836485100319,1305.05
Books,BrandC,32,1493.314669084853,213,2.0,2261,13.988346544352042,0,0.8166024348274129,1985.54
Fashion,BrandB,137,1279.8659187596309,341,1.9,4169,28.24763038262366,0,0.900155272865399,1375.58
Books,BrandE,12,1121.7322236349755,424,1.6,3634,4.407112169539607,1,0.6504954980725856,1778.64
Fashion,BrandB,302,1395.0687560338363,407,4.4,508,20.683276179160348,0,1.003570074403555,1524.62
Home,BrandD,16,330.6867314658502,56,3.0,2379,37.50804164773005,0,1.3016425898313673,748.33
Home,BrandA,129,1210.951339454278,390,3.7,3164,34.6700426714522,1,0.941534010378897,1449.77
Books,BrandA,63,385.61567550441646,342,2.0,687,49.53213685860895,1,0.9906135758981991,809.26
Books,BrandE,109,1854.7683053111678,434,4.0,4752,13.8945562993878,0,1.3487675852813141,2492.09
Fashion,BrandD,21,183.2515044489282,102,4.0,1292,24.90946495869896,0,1.2060581146380307,491.6
Sports,BrandC,158,889.2307618970468,421,2.3,3905,16.476520688699836,0,0.9904544085197847,1305.85
Fashion,BrandD,269,1406.8050814281175,493,2.6,3075,22.030155702958737,0,0.7576956481891797,1617.62
Books,BrandA,162,943.1433127531045,192,1.8,3209,42.8475064934694,1,1.3849267468449666,1365.8
Books,BrandA,260,229.5857438041596,499,4.9,324,34.21045375942433,0,1.0770204016905582,684.73
Electronics,BrandD,102,1129.0890814470795,310,3.6,1993,44.12205956737908,0,0.7211476101106934,1244.95
Books,BrandD,223,1301.1822222133414,200,4.7,3976,10.175555416594323,1,0.7691197526380104,1974.05
Electronics,BrandA,59,1422.39500643149,233,2.2,4812,43.6680558920719,0,1.3031330889362458,1369.96
Sports,BrandC,247,777.8566382023798,433,4.1,2770,2.9881137089192213,0,0.5441455620874555,1226.02
Fashion,BrandE,128,1149.1369435060863,227,4.1,4372,44.42996402185762,1,1.49209218702882,1496.02
Fashion,BrandE,283,928.8386261308806,371,3.8,2583,16.453688973036396,1,0.6303516797147918,1298.22
Electronics,BrandD,325,1360.509275566894,139,4.9,3557,15.729381670703324,0,1.2960685253969375,1543.8
Fashion,BrandE,25,1187.9360862833962,344,2.6,3587,25.604428834933195,1,0.8947753167716829,1554.14
Books,BrandA,131,1075.224628140313,305,1.5,151,47.03450938616159,1,0.9922161832874669,1406.95
Home,BrandA,353,536.5725153345849,149,3.7,954,2.3890682340702685,0,1.3806505774645779,795.49
Electronics,BrandD,196,53.93610960905614,115,3.9,4354,17.611548753537264,1,0.9129111895892132,359.08
Fashion,BrandD,281,389.45926685728705,450,3.3,2371,42.82859943416678,0,1.0374937536732345,585.76
Electronics,BrandD,154,278.2787807771289,63,1.8,4964,19.80272387177334,0,0.5492996624091699,503.91
Electronics,BrandC,133,925.7152527713462,104,3.0,1191,9.95784487985335,0,0.5023474738674532,1027.53
Home,BrandE,227,1243.903393985597,339,2.2,687,21.23970906657059,0,0.7447998730017259,1549.24
Books,BrandD,189,465.51576693537595,359,2.7,309,19.277625074583465,1,1.1805830929187673,1080.45
Electronics,BrandB,265,1881.161337136015,156,3.6,1502,45.77081007333517,0,0.6212648933591367,1825.39
Fashion,BrandB,134,63.03015198658117,273,4.0,3127,38.096718787154856,0,0.6137619588045494,248.33
Sports,BrandA,211,1555.9869795724187,6,1.9,4568,25.255777787200316,0,0.9109606080359033,1837.41
Electronics,BrandE,60,1269.1493005843624,147,2.6,3367,49.41852833607855,0,1.1478370386082264,1435.91
Electronics,BrandD,364,778.4318620429797,184,2.1,3395,23.263876563796167,1,1.2120719922479304,974.85
Home,BrandB,364,148.45344160419546,486,1.8,813,2.9118915410137616,1,0.6784506740983748,472.29
Books,BrandE,213,1273.5988149793448,28,4.1,845,13.113716090749245,1,0.5795881473720425,1918.14
Sports,BrandA,216,801.9463500880137,450,4.6,1164,21.80352401096563,0,1.440397033945544,1179.0
Fashion,BrandC,226,1875.7209218557773,38,2.5,4762,7.8451312073060055,1,0.7606663825621017,2084.5
Sports,BrandE,131,1106.8806460350436,119,4.0,1767,47.37825631620215,1,1.3533464976087237,1634.74
Fashion,BrandE,76,1882.320447022341,293,4.6,354,38.34244489088866,0,1.3634914504628184,2141.66
Books,BrandC,286,479.943202272943,371,4.4,1872,13.414360021388633,1,1.2725225917625445,1111.68
Fashion,BrandE,277,1465.1655252100013,244,1.7,2024,29.54022667589579,0,0.6688336066525701,1662.55
Home,BrandA,156,1253.635590655015,68,4.8,2817,36.0724578554786,1,1.3218014592542002,1482.16
Home,BrandA,248,1491.846048171058,214,2.5,3832,47.0639464453399,1,1.2692505592415868,1677.86
Home,BrandC,218,468.60233474644673,218,2.4,4275,44.081767458770535,1,1.0967229901062172,814.48
Home,BrandD,190,1346.7393066636587,177,1.2,65,25.759611306910685,1,0.8372020351689528,1688.44
Sports,BrandB,163,1021.1787664608945,299,2.9,4915,38.73263098965088,0,0.7625086042665441,1330.97
Books,BrandD,180,1498.5087010673167,164,1.4,4266,28.10723769137925,0,0.621889212080359,2011.78
Fashion,BrandE,34,687.7370560960446,58,2.0,4090,27.635194502277006,1,1.0097570669008715,1103.22
Fashion,BrandB,41,1785.6111996572424,269,2.3,2521,5.737097916909595,0,1.0852608755098465,1926.97
Home,BrandC,307,214.38756349213324,308,4.2,2581,6.3068829008076035,1,0.8593389905157872,620.13
Home,BrandC,338,1624.0191716428167,58,4.5,1390,26.47668075112287,1,0.9753590676808686,1931.09
Electronics,BrandB,314,1729.5732703394272,288,2.2,1130,13.443077248950331,1,0.8635144573692667,1766.29
Books,BrandA,75,1643.6420071653013,465,4.4,2486,1.0518451230234316,1,1.1410060573207013,2160.22
Sports,BrandB,279,1049.8164688104632,105,4.4,834,36.14196019501061,1,1.4012592077965633,1423.69
Fashion,BrandE,176,904.8507110599845,228,4.1,226,1.624329834508248,1,0.6639202620469449,1324.04
Electronics,BrandA,150,1992.7114587235098,247,1.6,3515,29.763842055202726,0,0.8814088099031234,1889.85
Electronics,BrandC,273,496.8853048676161,188,3.8,4537,26.95968970636572,0,0.6408686039508613,596.63
Fashion,BrandB,325,1116.408133458287,494,4.8,2443,48.440734528890225,1,1.124943770407832,1307.52
Sports,BrandD,108,1357.8172744955348,83,3.7,727,24.210656967382082,0,1.2288705094885959,1753.35
Electronics,BrandD,139,1416.6918899297923,186,2.3,3686,3.180071818889868,1,1.4319127325974559,1647.33
Electronics,BrandE,350,447.8480981902284,252,3.0,3622,27.584398390323084,0,0.7788719262609649,717.23
Books,BrandD,271,1325.2884800626123,355,3.6,1036,42.05480853080507,0,1.4502112058654302,1823.44
Sports,BrandB,347,1645.8206546386077,238,3.0,1832,49.842464214071995,0,0.5632626718206748,1851.95
Electronics,BrandB,289,147.53622480116883,360,1.5,2740,21.517158684453623,1,1.103013863364588,257.57
Sports,BrandD,212,1827.466521984367,184,2.2,492,16.014937124837125,0,0.55713271934333,2197.48
Fashion,BrandB,272,107.53290753315156,284,4.2,1548,45.33266484759994,1,1.3937741877619447,328.8
Home,BrandE,66,744.1435133523689,385,4.4,1143,9.562106453806068,1,1.0298090570700542,1274.78
Electronics,BrandA,248,80.83573265427603,426,1.5,3957,30.771445751646333,1,1.169348350762796,124.32
Books,BrandE,156,200.43307865218463,210,4.8,3407,20.285721209047384,0,1.3315739259104524,938.01
Fashion,BrandE,47,1826.7781561011543,304,2.3,639,2.0541182477777644,0,0.6503106224839688,2103.43
Sports,BrandB,201,741.9786199549883,296,3.6,172,17.36442371528489,0,0.5385915619381338,1104.46
Fashion,BrandA,148,878.3044843288532,97,4.0,4354,13.26142612513373,1,1.3788811459128523,1095.41
Electronics,BrandB,124,469.9215436959776,447,4.2,3959,34.304557697174346,1,0.8149332274589325,639.18
Sports,BrandC,1,1214.3367518641035,460,4.8,516,47.439524884595905,0,0.6289789079271653,1573.53
Home,BrandB,247,1209.8662686216899,456,2.3,522,13.402359368931888,1,0.9684612370870865,1483.69
Fashion,BrandB,343,775.7907640591775,472,4.4,1917,40.573296957584084,0,1.0983060756960188,893.01
Electronics,BrandB,128,699.4180000205268,208,1.5,2886,2.767990846920476,0,0.5309706034225101,750.96
Books,BrandA,191,1775.680400952146,370,3.8,2164,26.90605050199066,0,0.7748956582570877,2148.64
Sports,BrandB,67,797.4042673022926,388,4.0,1929,3.527503185494729,0,0.532799874276896,1200.18
Fashion,BrandA,4,1012.3269347010961,422,3.7,3945,46.70164955653197,1,0.920335389195499,1141.89
Fashion,BrandD,303,602.4442867286148,492,2.0,2209,38.31756402786951,0,1.3951000290662443,806.47
Home,BrandC,294,1584.2005315463985,411,4.5,3783,32.897495560229615,0,1.4826524114935693,1896.08
Home,BrandA,143,825.0239059532287,137,1.7,2590,41.19481908123321,0,1.1370475535036275,968.51
Books,BrandD,191,1051.5415407614328,367,1.2,4934,32.375989778508156,0,0.6616376937845918,1555.95
Books,BrandA,21,544.0464816163397,400,3.9,4076,48.447219858714554,0,1.4058493899993056,979.09
Electronics,BrandA,227,1975.936205065441,184,2.9,1093,35.69789739323858,0,1.0162478232000605,1844.11
Electronics,BrandC,313,618.4166948012596,76,4.4,3880,46.23293047911234,0,0.6537493121029181,680.72
Books,BrandE,117,1552.9479352658257,287,2.5,2494,25.856594600531903,1,1.4217266694516613,2186.2
Books,BrandE,302,883.6165181956804,472,1.7,2579,5.853220649093132,1,1.257469050723103,1530.3
Sports,BrandA,142,452.12393991407276,375,4.3,2488,26.408886071150857,1,1.2317052727231514,881.47
Home,BrandB,39,1609.4515897314793,142,3.2,2785,6.343641403154665,1,1.2091807037944047,1959.85
Electronics,BrandD,355,700.5332386066342,237,1.8,2758,29.624673958820253,0,0.7003398210964423,819.73
Home,BrandB,252,1737.1270274257315,25,3.9,1574,24.124653026383147,1,0.7110066917075261,2028.29
Home,BrandB,333,1834.7515105897548,290,3.0,2373,31.128769891639084,1,1.188292998427255,2065.17
Books,BrandA,207,1726.656479012988,67,3.4,3990,0.5023490527415797,1,0.7197227501103969,2211.09
Sports,BrandA,210,118.26543387327102,250,2.8,4845,9.742024582768206,0,0.9386716968030488,492.79
Fashion,BrandA,115,1585.378022759956,408,4.3,1093,24.566521595606545,1,1.2820018255939414,1779.91
Sports,BrandA,225,852.1119596733306,118,4.3,1189,47.525178079456744,1,1.2839525180978408,1218.04
Sports,BrandE,134,1753.759694355339,490,3.8,2689,19.180452017757922,0,0.9532617725258596,2246.04
Home,BrandA,251,1294.0108122352406,73,1.4,4095,21.218601302681734,1,1.292189938275245,1527.22
Sports,BrandE,219,1675.6041115807188,282,4.4,1875,35.73480445033111,0,1.3386217961980567,2172.55
Electronics,BrandE,91,1023.8919512403289,404,3.7,3406,30.1896378643059,1,1.1547757512842602,1292.98
Home,BrandA,354,1093.299733967919,448,3.8,1787,14.946307504916662,0,0.7284258523084202,1275.93
Electronics,BrandC,46,331.5558826606511,360,2.5,3932,20.54081977837139,1,0.7740117803855475,549.32
Fashion,BrandD,38,1578.7753494442431,10,4.5,1607,10.884989942861623,1,0.8148411554087354,1906.35
Home,BrandB,142,867.8097427505948,211,3.9,3748,48.301072956510424,1,0.616804107733952,1151.26
Fashion,BrandE,100,1025.156230629586,323,1.5,48,6.531719077867987,0,0.7731596203699451,1287.82
Home,BrandD,328,1580.9405424866297,152,2.6,3861,18.59183922832097,1,0.7095192243125321,1909.45
Books,BrandC,190,1217.7485301549061,5,4.5,2180,1.2919486110005596,0,0.9553287498086022,1780.46
Sports,BrandB,35,442.1425185132015,195,1.2,3046,11.08897459667732,0,1.408437547872265,859.17
Books,BrandB,147,1200.9536853442407,442,4.8,2833,39.023556919007746,0,0.6044803167539581,1636.11
Fashion,BrandE,30,844.8840730603288,283,3.7,1397,10.058761614443974,0,1.2202679239473957,1232.83
Sports,BrandA,334,965.5748069855322,464,3.5,3826,4.00317012644828,1,1.1872830044131277,1355.69
Home,BrandC,84,105.20698508520218,113,2.1,4574,23.722658992226165,1,0.5957541986633577,478.62
Sports,BrandE,281,459.5572315567491,271,2.0,831,0.49846173672592475,1,1.4225724049058002,1047.13
Electronics,BrandC,344,598.0242586930051,163,4.8,2697,4.238307721316659,0,1.0684722021568196,778.62
Sports,BrandA,270,1440.2720153246712,460,2.2,4777,40.381293478148756,1,0.8637255211356842,1743.58
Electronics,BrandA,154,72.41032293132486,105,4.1,2735,38.57366724298032,0,1.2565385834953067,107.79
Sports,BrandE,102,847.1156593968075,181,2.6,81,45.7569410202448,0,0.757365458401634,1305.94
Electronics,BrandA,215,1851.852397330179,44,1.6,86,42.725771795537476,0,1.1935098370463204,1760.31
Fashion,BrandD,150,268.1672022707915,282,1.0,2063,34.1587781619909,1,0.5397112075722472,527.48
Books,BrandB,83,1057.0275570262916,175,3.2,821,2.6166428650331417,1,1.3394080376092719,1628.03
Home,BrandE,110,1583.7186456621516,162,4.9,162,39.14243089933287,0,0.9481708470213185,1922.18
Sports,BrandC,275,1887.9360496642275,471,2.5,3739,42.275540542028025,1,1.1366929143579418,2274.48
Books,BrandD,201,1506.2144470907501,351,2.4,2397,39.954107288597726,1,0.7212378198066837,2045.45
Home,BrandE,284,1455.102819856592,434,2.4,1932,25.423951765401302,0,1.1770737126584478,1823.0
Home,BrandA,173,1661.6517758817367,340,3.1,2728,11.645091932474083,0,1.2722402758932767,1865.11
Electronics,BrandA,327,920.0923809062101,140,2.8,3535,42.26649878443634,1,0.9732131868843987,868.32
Fashion,BrandA,206,1621.3968386047745,471,4.5,3446,36.35814048700692,0,1.1177269240617944,1692.17
Fashion,BrandA,63,65.5305892536297,132,3.0,2790,49.03805871944258,0,0.9563259238223986,161.95
Books,BrandC,73,1852.8940579847695,87,3.0,2707,7.784629887796646,1,1.3940913692578456,2396.71
Fashion,BrandD,251,914.4476935584919,176,1.6,3933,11.283229152602752,1,0.9978691805143192,1224.77
Sports,BrandB,124,1129.0913663382078,183,4.9,3385,10.589907494075135,0,1.3418087090288189,1552.78
Fashion,BrandC,121,547.0203853840205,368,2.0,922,39.62698838106684,1,1.3013520582702487,750.08
Books,BrandC,275,1497.9351240388219,129,1.3,2175,9.345364822505909,0,0.9105048213483565,1930.74
Fashion,BrandB,120,199.43982262673518,246,3.7,1582,3.3329914911653047,0,0.730084491857475,418.21
Sports,BrandB,317,1751.6398149663287,89,3.4,564,49.92804032928143,1,0.906082132559771,2055.75
Electronics,BrandA,164,1664.8278165623683,66,2.7,3258,1.2408605722574573,0,1.32621737577522,1675.85
Books,BrandC,286,471.31722667729446,158,2.7,2597,41.762203007943285,0,0.7276325358193924,927.13
Electronics,BrandE,265,1628.1825766562615,387,4.1,2500,18.26834207753264,0,1.0244363458577492,1812.34
Electronics,BrandB,320,1583.3975794698888,378,1.8,4566,42.08077298789076,1,1.3060967479607475,1615.69
Electronics,BrandB,161,1282.8223656202006,149,4.3,987,27.73102456055725,1,0.8534774751283788,1377.72
Home,BrandD,308,778.3643449543907,473,3.6,3636,45.08156147431801,1,1.1422096370026975,1100.22
Home,BrandE,89,579.4225706546423,340,2.7,223,46.30964932073133,0,0.7456315740488145,947.96
Electronics,BrandE,142,501.97800106423256,433,2.8,350,0.4549090640387998,0,0.6092794453681599,768.28
Books,BrandB,203,671.2874773890339,116,2.0,1928,3.7706087996394135,1,1.2943842250928563,1186.99
Sports,BrandA,309,1811.9389646934342,214,4.0,348,12.517936478542774,1,0.5989686234087068,2097.41
Sports,BrandD,227,201.3995131781235,469,3.1,4277,33.46577081817508,1,0.7713813950795846,720.6
Fashion,BrandE,334,1666.2989886932694,446,2.3,4732,44.4136098255753,0,1.3551094219974402,1879.61
Books,BrandB,222,730.335646331556,481,3.4,1017,22.997097564698137,1,0.8464692870786672,1233.67
Home,BrandE,41,1067.1188222221485,372,5.0,2226,30.348655813713272,0,1.473045349514161,1476.49
Electronics,BrandD,196,1599.2469856145567,294,2.7,4867,9.424992639778058,1,1.4797343347738598,1805.54
Fashion,BrandD,68,1774.534266694794,253,4.7,4124,40.24834169408427,0,0.7682760204535567,2037.58
Sports,BrandC,264,722.3237691416616,143,2.4,2419,48.36640556767349,0,0.5409782222498905,1032.93
Home,BrandB,2,950.5947884864652,250,1.2,1893,13.429946645729874,1,1.2050632842053792,1279.96
Home,BrandD,361,858.306326392745,366,1.8,3040,24.741297580027314,0,0.9509865026483437,1181.84
Electronics,BrandC,125,75.83951533262557,436,2.7,2068,4.30580552531869,1,0.6007528439595763,257.45
Sports,BrandC,110,627.0886332743804,463,1.9,1125,27.95683282314842,0,1.2075228189780427,1027.0
Books,BrandE,86,945.4190057784956,302,1.0,3117,25.13917209233403,0,0.5311749091119212,1504.02
Home,BrandE,120,851.6325373168576,25,4.7,4161,7.22182420775388,1,1.370196690492242,1400.21
Electronics,BrandC,127,1457.761993655575,277,4.4,4042,22.10331065590375,0,0.6386525291133037,1580.45
Books,BrandE,255,800.3670535811513,472,4.0,4433,16.705232604328163,1,0.627311878746725,1504.08
Sports,BrandD,183,1004.284075492807,377,1.7,2170,26.091543765259466,1,0.6756722979685845,1473.71
Home,BrandA,16,887.7367546581086,378,1.5,446,29.282716771439958,1,1.4602663584920665,1135.02
Books,BrandD,62,1494.2209903440225,389,1.3,2658,0.4247789303604754,0,1.193169360253846,2059.0
Books,BrandC,158,1732.7961780245769,70,3.9,3362,38.050299147477766,0,1.3013715354636366,2177.4
Books,BrandC,268,1087.1837040646526,113,4.7,2718,35.65071459308704,0,0.897634985732753,1573.36
Home,BrandD,35,1589.3927786806228,363,2.7,3483,18.31431931032611,1,0.8363127275049556,2042.57
Home,BrandE,267,628.7340299387087,112,1.5,2944,2.6467967784409128,1,0.7344840067831699,1111.27
Fashion,BrandE,64,1105.670739806674,364,3.0,4376,37.74662698925252,0,0.9806480283124089,1449.06
Sports,BrandC,50,723.1984096564463,303,2.4,595,47.75875802390662,0,1.0518287335341685,1099.93
Electronics,BrandB,255,857.6918048650691,471,2.5,1986,12.007579801100709,1,1.1317748436527553,973.94
Books,BrandE,149,1478.2070363847038,452,3.5,2750,16.176230686851895,0,0.7571185039986945,2083.29
Fashion,BrandD,325,1769.2418405487897,91,3.9,1074,9.190644474090748,1,1.4486540809029906,2061.37
Electronics,BrandE,304,286.91601262114256,18,1.4,3969,28.846806167241983,0,0.6697584982071358,437.5
Fashion,BrandD,276,1287.546550150392,149,1.1,4305,7.742069732372747,1,1.4656531747664123,1589.47
Home,BrandC,357,1185.180424776707,476,5.0,4221,17.809697173068972,0,0.5148561225075038,1536.47
Books,BrandE,172,280.9093263930672,227,1.9,4587,34.850650696713146,0,0.9811256918168456,881.27
Electronics,BrandD,201,463.1939443582127,214,1.2,3580,28.00579915046742,1,0.8333678381165628,656.96
Electronics,BrandC,324,656.4548647287265,360,1.8,3007,19.32312821639676,1,0.9491234139302508,814.16
Electronics,BrandB,35,375.51558809412785,151,1.2,969,21.012480090377096,1,1.070664578980789,458.83
Electronics,BrandD,216,525.2724909224664,192,2.6,580,28.105544131161476,0,0.935589158012709,648.04
Electronics,BrandB,65,571.8215577803296,451,4.2,2824,0.29323639435806514,1,0.914846850301595,755.47
Fashion,BrandB,8,704.5639744261663,40,2.4,4001,3.9254934226804927,1,1.2327234154133064,969.23
Books,BrandA,301,1511.31138296226,242,2.8,1211,44.06290338815058,0,1.1858762750864646,1795.45
Home,BrandE,343,1165.2287975086713,138,3.7,229,3.893949454564538,1,1.3332712820358479,1613.16
Home,BrandD,332,1973.1810103052328,345,3.0,4284,35.34017981052526,1,0.7499589812394956,2324.37
Home,BrandB,76,858.7348625865685,180,4.4,3185,46.00190820545263,1,1.1095285097540635,1151.02
Home,BrandA,174,1520.036893982004,497,4.5,501,13.534180215086556,0,1.0851947853928539,1729.66
Fashion,BrandC,47,1749.3634216842408,200,1.0,2132,18.52457185297571,0,0.8697378108726888,1877.5
Sports,BrandD,15,1374.0080614241817,203,4.1,48,28.446070292235813,0,0.9860575419026809,1832.55
Books,BrandB,361,853.1362438141172,61,2.8,3566,44.085448481929234,1,0.8137821433057287,1328.51
Electronics,BrandE,147,1519.5095299542184,192,5.0,3055,47.09527936302101,0,0.6418443976169852,1701.73
Sports,BrandA,26,447.1509186567355,5,2.9,688,36.9781624055634,1,0.7138012106627328,790.65
Home,BrandB,308,688.7267221012582,378,4.9,386,4.330988042734702,1,0.6055136464012011,1030.23
Sports,BrandE,93,1116.036247443613,237,4.0,969,33.45770777674254,1,1.1830695751901241,1635.36
Books,BrandB,232,1172.0483052079892,181,2.0,3460,20.515186093633105,0,1.1607273931091515,1647.51
Electronics,BrandD,21,93.17587717162743,311,3.2,1005,23.53504997455308,0,1.4506063715798727,291.72
Electronics,BrandD,307,1892.972668074217,37,5.0,3052,2.457419517258852,1,1.2296784136472412,2143.39
Books,BrandD,38,1408.4231788739105,56,4.4,3417,9.553106967317909,1,0.5520458387561314,2075.02
Books,BrandA,276,1016.6223129521876,443,1.4,2302,39.52568037668239,0,1.3842451739289543,1340.58
Home,BrandD,157,1869.5981070962014,237,3.8,2283,22.697941652392988,0,1.3626751629457257,2225.49
Electronics,BrandE,179,906.2363522391156,358,2.4,1607,15.083112081557443,0,0.9433203207726987,1120.51
Sports,BrandB,132,1961.849362027225,349,1.0,4366,19.200953698247908,1,1.0858630505279216,2342.95
Fashion,BrandC,311,1048.955276624796,197,2.6,122,42.71997566628401,0,1.4760783324725189,1168.08
Fashion,BrandE,348,272.8572514960599,73,1.9,1280,37.44995087024785,0,1.0323043638481662,505.57
Books,BrandE,28,1541.3618962955907,59,4.3,3727,13.615769859054138,0,1.4053218283760898,2189.58
Home,BrandD,260,1373.850563901789,240,2.3,258,5.8750920106186655,1,0.5830387578101864,1737.66
Fashion,BrandA,76,1557.3241065458942,2,4.3,947,12.599911082203585,0,0.6910518687086828,1664.02
Electronics,BrandB,67,1905.311956015078,449,1.0,4958,46.037822552736685,1,0.9407549434413178,1901.2
Books,BrandA,342,1564.1541401694853,360,2.2,524,29.07944189248777,1,1.0847568083373047,1887.19
Sports,BrandB,194,1242.1063743224613,188,2.0,887,26.674010437239144,1,1.3162278518628003,1605.02
Books,BrandB,162,1721.7523596036397,307,1.9,207,29.819679984623075,0,1.4882621151431867,2133.99
Sports,BrandA,347,1362.8305567413365,30,1.3,3382,18.30141328732576,0,0.8888514964741164,1619.16
Books,BrandE,361,845.83216081055,267,1.7,2794,40.355351015975636,0,0.5474156361400849,1377.28
Books,BrandB,257,1776.9585402714579,476,3.2,148,26.16431246501249,1,1.3011715032953248,2226.05
Books,BrandA,72,482.7058985295271,108,2.2,437,5.837395138439777,0,1.104380719082808,929.14
Sports,BrandB,87,1443.5504860720123,332,2.7,2202,6.453256241453148,1,0.6985428588682017,1865.38
Sports,BrandC,262,1769.0487371344761,423,2.5,3749,26.842957325130918,0,0.9948284566214202,2125.95
Books,BrandE,214,1476.0672134214276,90,4.5,3161,46.82851090354196,0,1.2423102455337243,2039.83
Fashion,BrandD,153,1409.687067155021,205,4.6,3901,15.417606083809938,0,1.2704117870686438,1696.27
Home,BrandB,210,1517.6446734400802,379,3.0,4453,43.47705844296092,0,0.999618411998762,1713.35
Home,BrandC,61,956.8577341862565,456,2.3,3245,38.204779328943964,1,0.8052145301288591,1285.39
Home,BrandD,268,1754.6328302062007,447,1.4,4551,12.390622145345343,1,1.4737425820384935,2126.72
Sports,BrandD,262,446.70112651537784,448,4.8,2823,1.8170374158121227,1,1.1633626109564927,1059.95
Sports,BrandB,218,298.40351120066157,445,1.2,4724,5.092363257119137,1,0.9082375193462987,758.77
Fashion,BrandA,283,606.7421212310975,381,2.2,3270,36.42469669237201,0,0.7804632242046524,692.03
Home,BrandB,136,1086.5759237112366,438,2.2,485,9.983486902032334,1,1.231102983003562,1410.12
Home,BrandC,362,1045.5955010482094,220,2.3,199,18.56354602526969,1,0.7421834455937677,1341.8
Books,BrandD,93,1650.167577469344,378,1.7,4466,25.08495830032124,1,0.6717099889736882,2180.85
Sports,BrandB,109,838.908879987834,94,4.1,1982,36.27340842250814,0,1.0298338889620702,1189.33
Home,BrandA,241,994.4716312684419,457,1.5,1471,5.661561162956269,1,0.7899873926441419,1228.62
Fashion,BrandB,355,76.0669823558215,103,3.5,4343,20.318320263873073,1,1.128905144923615,306.71
Fashion,BrandE,142,848.9915110637312,223,1.5,4883,24.25364545713477,0,0.6179386748742335,1168.98
Home,BrandA,291,1313.159754253167,186,1.3,2311,27.041353198576985,0,1.1549411045673215,1450.92
Sports,BrandC,237,80.24124472185476,469,4.6,3373,40.918032069760834,1,0.7832965279977022,577.55
Fashion,BrandD,340,597.7198321131754,184,1.8,2078,8.583909752160846,1,0.5002429344345127,915.76
Books,BrandB,312,455.51490061431036,495,4.3,1521,40.39157259133111,0,0.6269360576741764,878.17
Fashion,BrandA,177,131.87158637369703,162,3.2,604,34.64392138483261,1,1.433615377835094,312.82
Electronics,BrandE,141,984.5571753333481,247,1.3,3848,27.793540709947965,0,1.3673546391153577,1168.95
Electronics,BrandA,189,404.36042179490516,31,4.8,3342,34.976393520128596,1,0.7336090320362368,493.04
Sports,BrandE,49,1499.0090022811912,52,2.0,1417,20.60088694758282,1,1.2783719045454913,2005.03
Home,BrandC,302,1703.4593733385295,345,4.4,4597,6.9198792984062285,1,1.1085715931739744,2124.79
